"","County","Pollutant","Dayofweek","Season","Sample"
"1","Alameda","CO","Sun",1,0.0120464203988231
"2","Alameda","CO","Sun",2,0.00951425386207995
"3","Alameda","CO","Sun",3,0.0115779165136492
"4","Alameda","CO","Sun",4,0.0152904512590376
"5","Alameda","CO","Mon",1,0.0126677740863787
"6","Alameda","CO","Mon",2,0.00923102040816326
"7","Alameda","CO","Mon",3,0.0114511080505822
"8","Alameda","CO","Mon",4,0.0147064751826657
"9","Alameda","CO","Tues",1,0.0144669632558906
"10","Alameda","CO","Tues",2,0.00979450928818017
"11","Alameda","CO","Tues",3,0.0114082900240842
"12","Alameda","CO","Tues",4,0.0151770240158455
"13","Alameda","CO","Wed",1,0.0140522133938706
"14","Alameda","CO","Wed",2,0.00921255959230643
"15","Alameda","CO","Wed",3,0.0113608428446005
"16","Alameda","CO","Wed",4,0.0152983411735578
"17","Alameda","CO","Thurs",1,0.0142662337662338
"18","Alameda","CO","Thurs",2,0.00886608177454064
"19","Alameda","CO","Thurs",3,0.0109548355424644
"20","Alameda","CO","Thurs",4,0.016877811550152
"21","Alameda","CO","Fri",1,0.0125819134993447
"22","Alameda","CO","Fri",2,0.00917003721080731
"23","Alameda","CO","Fri",3,0.0114856230031949
"24","Alameda","CO","Fri",4,0.015984623015873
"25","Alameda","CO","Sat",1,0.0114449166394246
"26","Alameda","CO","Sat",2,0.0095715878324574
"27","Alameda","CO","Sat",3,0.0110477828276624
"28","Alameda","CO","Sat",4,0.01506998264893
"29","Alameda","NO2","Sun",1,0.100741638795987
"30","Alameda","NO2","Sun",2,0.0607047619047619
"31","Alameda","NO2","Sun",3,0.0628604519774011
"32","Alameda","NO2","Sun",4,0.104810055865922
"33","Alameda","NO2","Mon",1,0.147311544991511
"34","Alameda","NO2","Mon",2,0.0840575490859851
"35","Alameda","NO2","Mon",3,0.0902233676975945
"36","Alameda","NO2","Mon",4,0.131247058823529
"37","Alameda","NO2","Tues",1,0.167555181128896
"38","Alameda","NO2","Tues",2,0.0989191226867718
"39","Alameda","NO2","Tues",3,0.0959494117647059
"40","Alameda","NO2","Tues",4,0.152281927710843
"41","Alameda","NO2","Wed",1,0.165477118644068
"42","Alameda","NO2","Wed",2,0.0794627477785372
"43","Alameda","NO2","Wed",3,0.0948922363847045
"44","Alameda","NO2","Wed",4,0.1556
"45","Alameda","NO2","Thurs",1,0.166042444821732
"46","Alameda","NO2","Thurs",2,0.0703337865397689
"47","Alameda","NO2","Thurs",3,0.085451114922813
"48","Alameda","NO2","Thurs",4,0.166647482014388
"49","Alameda","NO2","Fri",1,0.144995784148398
"50","Alameda","NO2","Fri",2,0.0754301147873059
"51","Alameda","NO2","Fri",3,0.0885722513089005
"52","Alameda","NO2","Fri",4,0.158053888548683
"53","Alameda","NO2","Sat",1,0.107014214046823
"54","Alameda","NO2","Sat",2,0.0715665551839465
"55","Alameda","NO2","Sat",3,0.0652691873589165
"56","Alameda","NO2","Sat",4,0.119763896848138
"57","Alameda","Ozone","Sun",1,0.349874476987448
"58","Alameda","Ozone","Sun",2,0.473363496341933
"59","Alameda","Ozone","Sun",3,0.381394596343634
"60","Alameda","Ozone","Sun",4,0.339942578736732
"61","Alameda","Ozone","Mon",1,0.336332767402377
"62","Alameda","Ozone","Mon",2,0.442490842490842
"63","Alameda","Ozone","Mon",3,0.357274446911753
"64","Alameda","Ozone","Mon",4,0.302347127856702
"65","Alameda","Ozone","Tues",1,0.298489243413101
"66","Alameda","Ozone","Tues",2,0.431434355118566
"67","Alameda","Ozone","Tues",3,0.351948051948052
"68","Alameda","Ozone","Tues",4,0.293608336951802
"69","Alameda","Ozone","Wed",1,0.306053268765133
"70","Alameda","Ozone","Wed",2,0.448160762942779
"71","Alameda","Ozone","Wed",3,0.342609556820995
"72","Alameda","Ozone","Wed",4,0.26450138026225
"73","Alameda","Ozone","Thurs",1,0.301008403361344
"74","Alameda","Ozone","Thurs",2,0.469588080631025
"75","Alameda","Ozone","Thurs",3,0.34193756554005
"76","Alameda","Ozone","Thurs",4,0.226518340348767
"77","Alameda","Ozone","Fri",1,0.303418495861821
"78","Alameda","Ozone","Fri",2,0.469401479488904
"79","Alameda","Ozone","Fri",3,0.356197478991597
"80","Alameda","Ozone","Fri",4,0.282295482295482
"81","Alameda","Ozone","Sat",1,0.33786430960344
"82","Alameda","Ozone","Sat",2,0.473827042522695
"83","Alameda","Ozone","Sat",3,0.359468438538206
"84","Alameda","Ozone","Sat",4,0.336042460092375
"85","Alameda","SO2","Sun",1,0.00918881118881119
"86","Alameda","SO2","Sun",2,0.0108344988344988
"87","Alameda","SO2","Sun",3,0.0093951093951094
"88","Alameda","SO2","Sun",4,0.00834710743801653
"89","Alameda","SO2","Mon",1,0.0114468085106383
"90","Alameda","SO2","Mon",2,0.0108771929824561
"91","Alameda","SO2","Mon",3,0.011007874015748
"92","Alameda","SO2","Mon",4,0.00793360995850623
"93","Alameda","SO2","Tues",1,0.0137413997627521
"94","Alameda","SO2","Tues",2,0.0133286052009456
"95","Alameda","SO2","Tues",3,0.01032
"96","Alameda","SO2","Tues",4,0.0100922266139657
"97","Alameda","SO2","Wed",1,0.019938315539739
"98","Alameda","SO2","Wed",2,0.0142884160756501
"99","Alameda","SO2","Wed",3,0.0152334682860999
"100","Alameda","SO2","Wed",4,0.0115505050505051
"101","Alameda","SO2","Thurs",1,0.0137432273262662
"102","Alameda","SO2","Thurs",2,0.0122493638676845
"103","Alameda","SO2","Thurs",3,0.00952808988764045
"104","Alameda","SO2","Thurs",4,0.0144460093896714
"105","Alameda","SO2","Fri",1,0.0101891252955083
"106","Alameda","SO2","Fri",2,0.0115886524822695
"107","Alameda","SO2","Fri",3,0.0117635933806147
"108","Alameda","SO2","Fri",4,0.0109487179487179
"109","Alameda","SO2","Sat",1,0.00947319347319347
"110","Alameda","SO2","Sat",2,0.0111748251748252
"111","Alameda","SO2","Sat",3,0.00797916666666667
"112","Alameda","SO2","Sat",4,0.00788383838383838
"113","Contra Costa","CO","Sun",1,0.0109349460608042
"114","Contra Costa","CO","Sun",2,0.00766059443911793
"115","Contra Costa","CO","Sun",3,0.00790253225035834
"116","Contra Costa","CO","Sun",4,0.00981090100111235
"117","Contra Costa","CO","Mon",1,0.0112333224861699
"118","Contra Costa","CO","Mon",2,0.00785226163358282
"119","Contra Costa","CO","Mon",3,0.00797874053792881
"120","Contra Costa","CO","Mon",4,0.0103531657651925
"121","Contra Costa","CO","Tues",1,0.0115546218487395
"122","Contra Costa","CO","Tues",2,0.00739419490838333
"123","Contra Costa","CO","Tues",3,0.00761691223574632
"124","Contra Costa","CO","Tues",4,0.0105018438351772
"125","Contra Costa","CO","Wed",1,0.0114126275510204
"126","Contra Costa","CO","Wed",2,0.00693830419003629
"127","Contra Costa","CO","Wed",3,0.00751538710722384
"128","Contra Costa","CO","Wed",4,0.0107957813998082
"129","Contra Costa","CO","Thurs",1,0.0120861931364725
"130","Contra Costa","CO","Thurs",2,0.00695051783659379
"131","Contra Costa","CO","Thurs",3,0.00765998707175178
"132","Contra Costa","CO","Thurs",4,0.0107422186751796
"133","Contra Costa","CO","Fri",1,0.0116005733397038
"134","Contra Costa","CO","Fri",2,0.00767001114827202
"135","Contra Costa","CO","Fri",3,0.00784679089026915
"136","Contra Costa","CO","Fri",4,0.010787566435819
"137","Contra Costa","CO","Sat",1,0.0109822446652549
"138","Contra Costa","CO","Sat",2,0.00776556776556777
"139","Contra Costa","CO","Sat",3,0.00774645644210862
"140","Contra Costa","CO","Sat",4,0.00974563738538894
"141","Contra Costa","NO2","Sun",1,0.0551247139588101
"142","Contra Costa","NO2","Sun",2,0.0347734573119189
"143","Contra Costa","NO2","Sun",3,0.0366965046888321
"144","Contra Costa","NO2","Sun",4,0.0626184448462929
"145","Contra Costa","NO2","Mon",1,0.0749578587699317
"146","Contra Costa","NO2","Mon",2,0.0481981605351171
"147","Contra Costa","NO2","Mon",3,0.0474218089602705
"148","Contra Costa","NO2","Mon",4,0.0795660036166365
"149","Contra Costa","NO2","Tues",1,0.0854011299435028
"150","Contra Costa","NO2","Tues",2,0.0547502109704641
"151","Contra Costa","NO2","Tues",3,0.0527657430730479
"152","Contra Costa","NO2","Tues",4,0.085537899543379
"153","Contra Costa","NO2","Wed",1,0.0871672240802676
"154","Contra Costa","NO2","Wed",2,0.0451988205560236
"155","Contra Costa","NO2","Wed",3,0.0513007646559048
"156","Contra Costa","NO2","Wed",4,0.0940762942779292
"157","Contra Costa","NO2","Thurs",1,0.0927988826815642
"158","Contra Costa","NO2","Thurs",2,0.0412845117845118
"159","Contra Costa","NO2","Thurs",3,0.0460887573964497
"160","Contra Costa","NO2","Thurs",4,0.0980204841713222
"161","Contra Costa","NO2","Fri",1,0.0839420289855072
"162","Contra Costa","NO2","Fri",2,0.0426717299578059
"163","Contra Costa","NO2","Fri",3,0.0500749211356467
"164","Contra Costa","NO2","Fri",4,0.0980046685340803
"165","Contra Costa","NO2","Sat",1,0.0598836944127708
"166","Contra Costa","NO2","Sat",2,0.0412651321398124
"167","Contra Costa","NO2","Sat",3,0.0410076726342711
"168","Contra Costa","NO2","Sat",4,0.0726743393009378
"169","Contra Costa","Ozone","Sun",1,0.344230140568813
"170","Contra Costa","Ozone","Sun",2,0.461828281608501
"171","Contra Costa","Ozone","Sun",3,0.399139990444338
"172","Contra Costa","Ozone","Sun",4,0.333750968741927
"173","Contra Costa","Ozone","Mon",1,0.334103481939473
"174","Contra Costa","Ozone","Mon",2,0.436430960344004
"175","Contra Costa","Ozone","Mon",3,0.378637621855819
"176","Contra Costa","Ozone","Mon",4,0.296483516483516
"177","Contra Costa","Ozone","Tues",1,0.296149490373726
"178","Contra Costa","Ozone","Tues",2,0.428245931283906
"179","Contra Costa","Ozone","Tues",3,0.386661868777738
"180","Contra Costa","Ozone","Tues",4,0.28187866927593
"181","Contra Costa","Ozone","Wed",1,0.294292091836735
"182","Contra Costa","Ozone","Wed",2,0.447283531409168
"183","Contra Costa","Ozone","Wed",3,0.37714528462192
"184","Contra Costa","Ozone","Wed",4,0.246386401972233
"185","Contra Costa","Ozone","Thurs",1,0.276600159616919
"186","Contra Costa","Ozone","Thurs",2,0.46232885011511
"187","Contra Costa","Ozone","Thurs",3,0.377949523004468
"188","Contra Costa","Ozone","Thurs",4,0.212435095193716
"189","Contra Costa","Ozone","Fri",1,0.289281732759994
"190","Contra Costa","Ozone","Fri",2,0.461277878239904
"191","Contra Costa","Ozone","Fri",3,0.381743566992014
"192","Contra Costa","Ozone","Fri",4,0.254779706275033
"193","Contra Costa","Ozone","Sat",1,0.335787587554976
"194","Contra Costa","Ozone","Sat",2,0.463512361466326
"195","Contra Costa","Ozone","Sat",3,0.373853320592451
"196","Contra Costa","Ozone","Sat",4,0.326016062302263
"197","Contra Costa","SO2","Sun",1,0.0127386035776111
"198","Contra Costa","SO2","Sun",2,0.0165836680053548
"199","Contra Costa","SO2","Sun",3,0.015974025974026
"200","Contra Costa","SO2","Sun",4,0.0153094561303771
"201","Contra Costa","SO2","Mon",1,0.0127823563551944
"202","Contra Costa","SO2","Mon",2,0.0171725714285714
"203","Contra Costa","SO2","Mon",3,0.016785671641791
"204","Contra Costa","SO2","Mon",4,0.0156524378675773
"205","Contra Costa","SO2","Tues",1,0.0138944540395318
"206","Contra Costa","SO2","Tues",2,0.0184779439969313
"207","Contra Costa","SO2","Tues",3,0.017339604154419
"208","Contra Costa","SO2","Tues",4,0.0159992306212733
"209","Contra Costa","SO2","Wed",1,0.0142951070336391
"210","Contra Costa","SO2","Wed",2,0.0170242774566474
"211","Contra Costa","SO2","Wed",3,0.017013209013209
"212","Contra Costa","SO2","Wed",4,0.0169479768786127
"213","Contra Costa","SO2","Thurs",1,0.0152457142857143
"214","Contra Costa","SO2","Thurs",2,0.0167872503840246
"215","Contra Costa","SO2","Thurs",3,0.0152897628687102
"216","Contra Costa","SO2","Thurs",4,0.0171481056257176
"217","Contra Costa","SO2","Fri",1,0.0130881401104131
"218","Contra Costa","SO2","Fri",2,0.0155730294396961
"219","Contra Costa","SO2","Fri",3,0.0165594855305466
"220","Contra Costa","SO2","Fri",4,0.0176050662061025
"221","Contra Costa","SO2","Sat",1,0.0130013448607109
"222","Contra Costa","SO2","Sat",2,0.017466819221968
"223","Contra Costa","SO2","Sat",3,0.0160210280373832
"224","Contra Costa","SO2","Sat",4,0.0162529950669486
"225","Fresno","CO","Sun",1,0.0114883404524601
"226","Fresno","CO","Sun",2,0.00533419230149783
"227","Fresno","CO","Sun",3,0.00610839205637412
"228","Fresno","CO","Sun",4,0.00904739055927715
"229","Fresno","CO","Mon",1,0.0122206276560968
"230","Fresno","CO","Mon",2,0.00530502553962762
"231","Fresno","CO","Mon",3,0.00643390607101947
"232","Fresno","CO","Mon",4,0.00940042207792208
"233","Fresno","CO","Tues",1,0.0118337979094077
"234","Fresno","CO","Tues",2,0.00559326765188834
"235","Fresno","CO","Tues",3,0.00645494505494505
"236","Fresno","CO","Tues",4,0.0101484658528538
"237","Fresno","CO","Wed",1,0.0116269137006338
"238","Fresno","CO","Wed",2,0.00560709267313483
"239","Fresno","CO","Wed",3,0.0067982422499201
"240","Fresno","CO","Wed",4,0.0102610949141561
"241","Fresno","CO","Thurs",1,0.0115906230333543
"242","Fresno","CO","Thurs",2,0.00520485908649174
"243","Fresno","CO","Thurs",3,0.00651299984318645
"244","Fresno","CO","Thurs",4,0.0109645254074784
"245","Fresno","CO","Fri",1,0.0126122037155669
"246","Fresno","CO","Fri",2,0.00536432570788674
"247","Fresno","CO","Fri",3,0.00658727246250182
"248","Fresno","CO","Fri",4,0.0105527267012416
"249","Fresno","CO","Sat",1,0.0116174782328281
"250","Fresno","CO","Sat",2,0.00546848020850301
"251","Fresno","CO","Sat",3,0.00660087719298246
"252","Fresno","CO","Sat",4,0.00868547840188707
"253","Fresno","NO2","Sun",1,0.0850064226075787
"254","Fresno","NO2","Sun",2,0.0553759590792839
"255","Fresno","NO2","Sun",3,0.072787983824379
"256","Fresno","NO2","Sun",4,0.108741694915254
"257","Fresno","NO2","Mon",1,0.108374594944913
"258","Fresno","NO2","Mon",2,0.0777488902980342
"259","Fresno","NO2","Mon",3,0.101068366164542
"260","Fresno","NO2","Mon",4,0.134539780521262
"261","Fresno","NO2","Tues",1,0.122142677561282
"262","Fresno","NO2","Tues",2,0.0842683823529412
"263","Fresno","NO2","Tues",3,0.106652552204176
"264","Fresno","NO2","Tues",4,0.142541082164329
"265","Fresno","NO2","Wed",1,0.117206289308176
"266","Fresno","NO2","Wed",2,0.0804143206854345
"267","Fresno","NO2","Wed",3,0.114495438996579
"268","Fresno","NO2","Wed",4,0.154779310344828
"269","Fresno","NO2","Thurs",1,0.112147448015123
"270","Fresno","NO2","Thurs",2,0.0780147874306839
"271","Fresno","NO2","Thurs",3,0.111482858803022
"272","Fresno","NO2","Thurs",4,0.164734203296703
"273","Fresno","NO2","Fri",1,0.113400615384615
"274","Fresno","NO2","Fri",2,0.0774978165938865
"275","Fresno","NO2","Fri",3,0.108156133828996
"276","Fresno","NO2","Fri",4,0.160212993971869
"277","Fresno","NO2","Sat",1,0.0960676202860858
"278","Fresno","NO2","Sat",2,0.0644180754226268
"279","Fresno","NO2","Sat",3,0.0883327526132404
"280","Fresno","NO2","Sat",4,0.11704213836478
"281","Fresno","Ozone","Sun",1,0.328425514174541
"282","Fresno","Ozone","Sun",2,0.581650365064058
"283","Fresno","Ozone","Sun",3,0.631598357803911
"284","Fresno","Ozone","Sun",4,0.345775729646697
"285","Fresno","Ozone","Mon",1,0.314271407110666
"286","Fresno","Ozone","Mon",2,0.582972440944882
"287","Fresno","Ozone","Mon",3,0.629349502313192
"288","Fresno","Ozone","Mon",4,0.288839509712565
"289","Fresno","Ozone","Tues",1,0.31324265275918
"290","Fresno","Ozone","Tues",2,0.586192821956369
"291","Fresno","Ozone","Tues",3,0.622719029017857
"292","Fresno","Ozone","Tues",4,0.280102805739987
"293","Fresno","Ozone","Wed",1,0.31829808165273
"294","Fresno","Ozone","Wed",2,0.606774596998332
"295","Fresno","Ozone","Wed",3,0.642289865098582
"296","Fresno","Ozone","Wed",4,0.29034632034632
"297","Fresno","Ozone","Thurs",1,0.303393298059965
"298","Fresno","Ozone","Thurs",2,0.602444429056159
"299","Fresno","Ozone","Thurs",3,0.658290753832155
"300","Fresno","Ozone","Thurs",4,0.270845190665908
"301","Fresno","Ozone","Fri",1,0.29917609272448
"302","Fresno","Ozone","Fri",2,0.553865748709122
"303","Fresno","Ozone","Fri",3,0.662890574771763
"304","Fresno","Ozone","Fri",4,0.30997765675185
"305","Fresno","Ozone","Sat",1,0.323977063570721
"306","Fresno","Ozone","Sat",2,0.575075837742504
"307","Fresno","Ozone","Sat",3,0.675581232492997
"308","Fresno","Ozone","Sat",4,0.355656138496101
"309","Fresno","SO2","Sun",1,0.000632478632478633
"310","Fresno","SO2","Sun",2,0.00813377926421405
"311","Fresno","SO2","Sun",3,0.0111079478054567
"312","Fresno","SO2","Sun",4,0.00367755991285403
"313","Fresno","SO2","Mon",1,0.000760595647193585
"314","Fresno","SO2","Mon",2,0.00918171683389075
"315","Fresno","SO2","Mon",3,0.00964620938628159
"316","Fresno","SO2","Mon",4,0.00298454746136865
"317","Fresno","SO2","Tues",1,0.000932038834951456
"318","Fresno","SO2","Tues",2,0.0107521367521368
"319","Fresno","SO2","Tues",3,0.00902356902356902
"320","Fresno","SO2","Tues",4,0.00331299435028249
"321","Fresno","SO2","Wed",1,0.00161333333333333
"322","Fresno","SO2","Wed",2,0.00970319634703196
"323","Fresno","SO2","Wed",3,0.0116026490066225
"324","Fresno","SO2","Wed",4,0.00345614035087719
"325","Fresno","SO2","Thurs",1,0.00100645161290323
"326","Fresno","SO2","Thurs",2,0.00902118171683389
"327","Fresno","SO2","Thurs",3,0.0106580086580087
"328","Fresno","SO2","Thurs",4,0.00423684210526316
"329","Fresno","SO2","Fri",1,0.00137792642140468
"330","Fresno","SO2","Fri",2,0.00823502824858757
"331","Fresno","SO2","Fri",3,0.0116945304437564
"332","Fresno","SO2","Fri",4,0.00410666666666667
"333","Fresno","SO2","Sat",1,0.000786324786324786
"334","Fresno","SO2","Sat",2,0.00854644808743169
"335","Fresno","SO2","Sat",3,0.0126666666666667
"336","Fresno","SO2","Sat",4,0.00392592592592593
"337","Humboldt","CO","Sun",1,0.00733679322589456
"338","Humboldt","CO","Sun",2,0.00536998972250771
"339","Humboldt","CO","Sun",3,0.00494669509594883
"340","Humboldt","CO","Sun",4,0.00790249433106576
"341","Humboldt","CO","Mon",1,0.00779265027987345
"342","Humboldt","CO","Mon",2,0.00550370902129696
"343","Humboldt","CO","Mon",3,0.00500119645848289
"344","Humboldt","CO","Mon",4,0.00852476017630283
"345","Humboldt","CO","Tues",1,0.00743908265647396
"346","Humboldt","CO","Tues",2,0.00583190394511149
"347","Humboldt","CO","Tues",3,0.00506149479659413
"348","Humboldt","CO","Tues",4,0.00874534161490683
"349","Humboldt","CO","Wed",1,0.00749074759437454
"350","Humboldt","CO","Wed",2,0.00546850998463902
"351","Humboldt","CO","Wed",3,0.00520645467489321
"352","Humboldt","CO","Wed",4,0.00847414234511009
"353","Humboldt","CO","Thurs",1,0.00732485664422837
"354","Humboldt","CO","Thurs",2,0.00516112661760974
"355","Humboldt","CO","Thurs",3,0.00507228620436168
"356","Humboldt","CO","Thurs",4,0.00794611082867311
"357","Humboldt","CO","Fri",1,0.00728833770569998
"358","Humboldt","CO","Fri",2,0.00557237464522233
"359","Humboldt","CO","Fri",3,0.00493506493506494
"360","Humboldt","CO","Fri",4,0.00774792869696209
"361","Humboldt","CO","Sat",1,0.0078405315614618
"362","Humboldt","CO","Sat",2,0.00552857142857143
"363","Humboldt","CO","Sat",3,0.00488647114474929
"364","Humboldt","CO","Sat",4,0.0081315119240565
"365","Humboldt","NO2","Sun",1,0.01646
"366","Humboldt","NO2","Sun",2,0.017840404040404
"367","Humboldt","NO2","Sun",3,0.00838938053097345
"368","Humboldt","NO2","Sun",4,0.017180790960452
"369","Humboldt","NO2","Mon",1,0.0251847246891652
"370","Humboldt","NO2","Mon",2,0.0213899480069324
"371","Humboldt","NO2","Mon",3,0.0116173913043478
"372","Humboldt","NO2","Mon",4,0.0256872037914692
"373","Humboldt","NO2","Tues",1,0.0193123909249564
"374","Humboldt","NO2","Tues",2,0.0238060498220641
"375","Humboldt","NO2","Tues",3,0.0118209982788296
"376","Humboldt","NO2","Tues",4,0.0249637526652452
"377","Humboldt","NO2","Wed",1,0.0196181818181818
"378","Humboldt","NO2","Wed",2,0.0224633273703041
"379","Humboldt","NO2","Wed",3,0.011655652173913
"380","Humboldt","NO2","Wed",4,0.0275223214285714
"381","Humboldt","NO2","Thurs",1,0.0194981549815498
"382","Humboldt","NO2","Thurs",2,0.0197981818181818
"383","Humboldt","NO2","Thurs",3,0.010087656529517
"384","Humboldt","NO2","Thurs",4,0.0232474012474012
"385","Humboldt","NO2","Fri",1,0.0198041594454073
"386","Humboldt","NO2","Fri",2,0.01995
"387","Humboldt","NO2","Fri",3,0.0111744749596123
"388","Humboldt","NO2","Fri",4,0.0198648648648649
"389","Humboldt","NO2","Sat",1,0.0212804878048781
"390","Humboldt","NO2","Sat",2,0.0173121783876501
"391","Humboldt","NO2","Sat",3,0.00907731958762887
"392","Humboldt","NO2","Sat",4,0.0192710084033613
"393","Humboldt","Ozone","Sun",1,0.441774004683841
"394","Humboldt","Ozone","Sun",2,0.407222222222222
"395","Humboldt","Ozone","Sun",3,0.270122290161201
"396","Humboldt","Ozone","Sun",4,0.366286826014452
"397","Humboldt","Ozone","Mon",1,0.382484472049689
"398","Humboldt","Ozone","Mon",2,0.410642377756472
"399","Humboldt","Ozone","Mon",3,0.264952704341499
"400","Humboldt","Ozone","Mon",4,0.368068735573224
"401","Humboldt","Ozone","Tues",1,0.380789858605558
"402","Humboldt","Ozone","Tues",2,0.378434782608696
"403","Humboldt","Ozone","Tues",3,0.261752701080432
"404","Humboldt","Ozone","Tues",4,0.332681017612524
"405","Humboldt","Ozone","Wed",1,0.371829573934837
"406","Humboldt","Ozone","Wed",2,0.379381700324109
"407","Humboldt","Ozone","Wed",3,0.27046004842615
"408","Humboldt","Ozone","Wed",4,0.327225130890052
"409","Humboldt","Ozone","Thurs",1,0.380255102040816
"410","Humboldt","Ozone","Thurs",2,0.429311621021466
"411","Humboldt","Ozone","Thurs",3,0.266871921182266
"412","Humboldt","Ozone","Thurs",4,0.317825537294564
"413","Humboldt","Ozone","Fri",1,0.403425655976676
"414","Humboldt","Ozone","Fri",2,0.448633748801534
"415","Humboldt","Ozone","Fri",3,0.257745535714286
"416","Humboldt","Ozone","Fri",4,0.353912165572943
"417","Humboldt","Ozone","Sat",1,0.411794871794872
"418","Humboldt","Ozone","Sat",2,0.39004546542235
"419","Humboldt","Ozone","Sat",3,0.261416566626651
"420","Humboldt","Ozone","Sat",4,0.376221347534151
"421","Humboldt","SO2","Sun",1,0.00538556067588326
"422","Humboldt","SO2","Sun",2,0.00163333333333333
"423","Humboldt","SO2","Sun",3,0.0047977207977208
"424","Humboldt","SO2","Sun",4,0.00178835978835979
"425","Humboldt","SO2","Mon",1,0.00532610006027728
"426","Humboldt","SO2","Mon",2,0.00171992110453649
"427","Humboldt","SO2","Mon",3,0.00487953216374269
"428","Humboldt","SO2","Mon",4,0.00204208194905869
"429","Humboldt","SO2","Tues",1,0.00503233392122281
"430","Humboldt","SO2","Tues",2,0.00178052126200274
"431","Humboldt","SO2","Tues",3,0.00529951690821256
"432","Humboldt","SO2","Tues",4,0.00200623052959502
"433","Humboldt","SO2","Wed",1,0.00503620474406991
"434","Humboldt","SO2","Wed",2,0.00171508771929825
"435","Humboldt","SO2","Wed",3,0.00530882352941177
"436","Humboldt","SO2","Wed",4,0.00211415525114155
"437","Humboldt","SO2","Thurs",1,0.0048591459528362
"438","Humboldt","SO2","Thurs",2,0.00152170713760118
"439","Humboldt","SO2","Thurs",3,0.00494358974358974
"440","Humboldt","SO2","Thurs",4,0.002
"441","Humboldt","SO2","Fri",1,0.00530642201834862
"442","Humboldt","SO2","Fri",2,0.00142294636795655
"443","Humboldt","SO2","Fri",3,0.00425078369905956
"444","Humboldt","SO2","Fri",4,0.00219867549668874
"445","Humboldt","SO2","Sat",1,0.00531627056672761
"446","Humboldt","SO2","Sat",2,0.00146452476572959
"447","Humboldt","SO2","Sat",3,0.0047970479704797
"448","Humboldt","SO2","Sat",4,0.00226748971193416
"449","Imperial","CO","Sun",1,0.0118770186335404
"450","Imperial","CO","Sun",2,0.00329600709849157
"451","Imperial","CO","Sun",3,0.00419527950310559
"452","Imperial","CO","Sun",4,0.00678733874820831
"453","Imperial","CO","Mon",1,0.0132000890075656
"454","Imperial","CO","Mon",2,0.0041086641553173
"455","Imperial","CO","Mon",3,0.00485222360248447
"456","Imperial","CO","Mon",4,0.0065500119246363
"457","Imperial","CO","Tues",1,0.0130822537710736
"458","Imperial","CO","Tues",2,0.00501232836692959
"459","Imperial","CO","Tues",3,0.00528351263447586
"460","Imperial","CO","Tues",4,0.0082995670995671
"461","Imperial","CO","Wed",1,0.013204506534475
"462","Imperial","CO","Wed",2,0.00554600484261501
"463","Imperial","CO","Wed",3,0.0055106772120613
"464","Imperial","CO","Wed",4,0.00741119493794111
"465","Imperial","CO","Thurs",1,0.0140259094942325
"466","Imperial","CO","Thurs",2,0.0047736355502535
"467","Imperial","CO","Thurs",3,0.0052824963432472
"468","Imperial","CO","Thurs",4,0.0079775441949355
"469","Imperial","CO","Fri",1,0.015536379769299
"470","Imperial","CO","Fri",2,0.00452907961603614
"471","Imperial","CO","Fri",3,0.00569118932597193
"472","Imperial","CO","Fri",4,0.00838695652173913
"473","Imperial","CO","Sat",1,0.0128132209405501
"474","Imperial","CO","Sat",2,0.00389788571428571
"475","Imperial","CO","Sat",3,0.00475458385093168
"476","Imperial","CO","Sat",4,0.0081447619047619
"477","Imperial","NO2","Sun",1,0.0831387959866221
"478","Imperial","NO2","Sun",2,0.0311241379310345
"479","Imperial","NO2","Sun",3,0.0420183946488294
"480","Imperial","NO2","Sun",4,0.0878645484949833
"481","Imperial","NO2","Mon",1,0.10140635451505
"482","Imperial","NO2","Mon",2,0.0447976588628763
"483","Imperial","NO2","Mon",3,0.0528530884808013
"484","Imperial","NO2","Mon",4,0.101275919732441
"485","Imperial","NO2","Tues",1,0.11319932998325
"486","Imperial","NO2","Tues",2,0.0625559380378657
"487","Imperial","NO2","Tues",3,0.0618026981450253
"488","Imperial","NO2","Tues",4,0.119823825503356
"489","Imperial","NO2","Wed",1,0.11721686746988
"490","Imperial","NO2","Wed",2,0.056119298245614
"491","Imperial","NO2","Wed",3,0.0682393162393162
"492","Imperial","NO2","Wed",4,0.124518197573657
"493","Imperial","NO2","Thurs",1,0.115996539792388
"494","Imperial","NO2","Thurs",2,0.0508409475465313
"495","Imperial","NO2","Thurs",3,0.0614139693356048
"496","Imperial","NO2","Thurs",4,0.128205782312925
"497","Imperial","NO2","Fri",1,0.121045454545455
"498","Imperial","NO2","Fri",2,0.0543311036789298
"499","Imperial","NO2","Fri",3,0.0680636645962733
"500","Imperial","NO2","Fri",4,0.130648829431438
"501","Imperial","NO2","Sat",1,0.113443143812709
"502","Imperial","NO2","Sat",2,0.0384256756756757
"503","Imperial","NO2","Sat",3,0.0511655518394649
"504","Imperial","NO2","Sat",4,0.111913043478261
"505","Imperial","Ozone","Sun",1,0.415165631469979
"506","Imperial","Ozone","Sun",2,0.546976856900521
"507","Imperial","Ozone","Sun",3,0.449742302101229
"508","Imperial","Ozone","Sun",4,0.335266142308396
"509","Imperial","Ozone","Mon",1,0.384907834101382
"510","Imperial","Ozone","Mon",2,0.564346042471042
"511","Imperial","Ozone","Mon",3,0.49253095459992
"512","Imperial","Ozone","Mon",4,0.326107763204537
"513","Imperial","Ozone","Tues",1,0.368120167321587
"514","Imperial","Ozone","Tues",2,0.536184845559845
"515","Imperial","Ozone","Tues",3,0.499269102990033
"516","Imperial","Ozone","Tues",4,0.302972437398667
"517","Imperial","Ozone","Wed",1,0.341760227126081
"518","Imperial","Ozone","Wed",2,0.551222208573885
"519","Imperial","Ozone","Wed",3,0.466417707767518
"520","Imperial","Ozone","Wed",4,0.293368651808549
"521","Imperial","Ozone","Thurs",1,0.346509519492294
"522","Imperial","Ozone","Thurs",2,0.559802366719531
"523","Imperial","Ozone","Thurs",3,0.450359517026184
"524","Imperial","Ozone","Thurs",4,0.282647814910026
"525","Imperial","Ozone","Fri",1,0.357690802348337
"526","Imperial","Ozone","Fri",2,0.534011313034059
"527","Imperial","Ozone","Fri",3,0.462124223602484
"528","Imperial","Ozone","Fri",4,0.279840652214193
"529","Imperial","Ozone","Sat",1,0.367304460245637
"530","Imperial","Ozone","Sat",2,0.50358943577431
"531","Imperial","Ozone","Sat",3,0.475268105388587
"532","Imperial","Ozone","Sat",4,0.322498274672188
"533","Imperial","SO2","Sun",1,0.009520624303233
"534","Imperial","SO2","Sun",2,0.00802364066193853
"535","Imperial","SO2","Sun",3,0.00750947603121516
"536","Imperial","SO2","Sun",4,0.00808472686733556
"537","Imperial","SO2","Mon",1,0.0104035674470457
"538","Imperial","SO2","Mon",2,0.00970791527313267
"539","Imperial","SO2","Mon",3,0.00803121516164994
"540","Imperial","SO2","Mon",4,0.00561872909698997
"541","Imperial","SO2","Tues",1,0.0100423634336678
"542","Imperial","SO2","Tues",2,0.0155810810810811
"543","Imperial","SO2","Tues",3,0.0079819209039548
"544","Imperial","SO2","Tues",4,0.00636036036036036
"545","Imperial","SO2","Wed",1,0.00914739229024943
"546","Imperial","SO2","Wed",2,0.0141224489795918
"547","Imperial","SO2","Wed",3,0.00881705948372615
"548","Imperial","SO2","Wed",4,0.00565423728813559
"549","Imperial","SO2","Thurs",1,0.00992439862542955
"550","Imperial","SO2","Thurs",2,0.0124534231200898
"551","Imperial","SO2","Thurs",3,0.00669444444444444
"552","Imperial","SO2","Thurs",4,0.00607158836689038
"553","Imperial","SO2","Fri",1,0.0135295429208473
"554","Imperial","SO2","Fri",2,0.0136365663322185
"555","Imperial","SO2","Fri",3,0.00860455486542443
"556","Imperial","SO2","Fri",4,0.00803121516164994
"557","Imperial","SO2","Sat",1,0.0118573021181717
"558","Imperial","SO2","Sat",2,0.00902389078498294
"559","Imperial","SO2","Sat",3,0.00854403567447046
"560","Imperial","SO2","Sat",4,0.00975983436853002
"561","Los Angeles","CO","Sun",1,0.0111178427128427
"562","Los Angeles","CO","Sun",2,0.00706434824902724
"563","Los Angeles","CO","Sun",3,0.00722331221472852
"564","Los Angeles","CO","Sun",4,0.0119308889334135
"565","Los Angeles","CO","Mon",1,0.0108945361123173
"566","Los Angeles","CO","Mon",2,0.00759239073472382
"567","Los Angeles","CO","Mon",3,0.00753627216099665
"568","Los Angeles","CO","Mon",4,0.0121590819716591
"569","Los Angeles","CO","Tues",1,0.0117565134971186
"570","Los Angeles","CO","Tues",2,0.00793341875961046
"571","Los Angeles","CO","Tues",3,0.00748775058807008
"572","Los Angeles","CO","Tues",4,0.013150105593024
"573","Los Angeles","CO","Wed",1,0.0126609272988824
"574","Los Angeles","CO","Wed",2,0.00762375120505588
"575","Los Angeles","CO","Wed",3,0.00788383671460216
"576","Los Angeles","CO","Wed",4,0.0146497907102349
"577","Los Angeles","CO","Thurs",1,0.0132988524348977
"578","Los Angeles","CO","Thurs",2,0.00761666369567543
"579","Los Angeles","CO","Thurs",3,0.00768396898793589
"580","Los Angeles","CO","Thurs",4,0.0146474393530997
"581","Los Angeles","CO","Fri",1,0.0138697278036954
"582","Los Angeles","CO","Fri",2,0.00785532958828131
"583","Los Angeles","CO","Fri",3,0.00759530848955457
"584","Los Angeles","CO","Fri",4,0.0134779988514678
"585","Los Angeles","CO","Sat",1,0.0123218753391455
"586","Los Angeles","CO","Sat",2,0.00755790885664866
"587","Los Angeles","CO","Sat",3,0.00754211102744883
"588","Los Angeles","CO","Sat",4,0.0133243238095238
"589","Los Angeles","NO2","Sun",1,0.134321739130435
"590","Los Angeles","NO2","Sun",2,0.0780974827245805
"591","Los Angeles","NO2","Sun",3,0.0916725833533221
"592","Los Angeles","NO2","Sun",4,0.146550140581068
"593","Los Angeles","NO2","Mon",1,0.16805971258672
"594","Los Angeles","NO2","Mon",2,0.117754538671972
"595","Los Angeles","NO2","Mon",3,0.123195327552987
"596","Los Angeles","NO2","Mon",4,0.181150248051028
"597","Los Angeles","NO2","Tues",1,0.201989658738366
"598","Los Angeles","NO2","Tues",2,0.128161265232046
"599","Los Angeles","NO2","Tues",3,0.133926118112182
"600","Los Angeles","NO2","Tues",4,0.206558200428469
"601","Los Angeles","NO2","Wed",1,0.213660140562249
"602","Los Angeles","NO2","Wed",2,0.12188486676722
"603","Los Angeles","NO2","Wed",3,0.141716572272839
"604","Los Angeles","NO2","Wed",4,0.222353835193541
"605","Los Angeles","NO2","Thurs",1,0.220566683316683
"606","Los Angeles","NO2","Thurs",2,0.120087152516905
"607","Los Angeles","NO2","Thurs",3,0.135628564523925
"608","Los Angeles","NO2","Thurs",4,0.231908983171368
"609","Los Angeles","NO2","Fri",1,0.213436327245434
"610","Los Angeles","NO2","Fri",2,0.11305055331992
"611","Los Angeles","NO2","Fri",3,0.130035366130129
"612","Los Angeles","NO2","Fri",4,0.20551562867215
"613","Los Angeles","NO2","Sat",1,0.169511793611794
"614","Los Angeles","NO2","Sat",2,0.0911174412793603
"615","Los Angeles","NO2","Sat",3,0.107041986564299
"616","Los Angeles","NO2","Sat",4,0.180627995520717
"617","Los Angeles","Ozone","Sun",1,0.424108108108108
"618","Los Angeles","Ozone","Sun",2,0.533320808596979
"619","Los Angeles","Ozone","Sun",3,0.509001251195996
"620","Los Angeles","Ozone","Sun",4,0.323664285714286
"621","Los Angeles","Ozone","Mon",1,0.373071718538566
"622","Los Angeles","Ozone","Mon",2,0.5073148603183
"623","Los Angeles","Ozone","Mon",3,0.476475598015256
"624","Los Angeles","Ozone","Mon",4,0.295562001450326
"625","Los Angeles","Ozone","Tues",1,0.341556954779622
"626","Los Angeles","Ozone","Tues",2,0.505491433363952
"627","Los Angeles","Ozone","Tues",3,0.483794285714286
"628","Los Angeles","Ozone","Tues",4,0.267372818692694
"629","Los Angeles","Ozone","Wed",1,0.317166666666667
"630","Los Angeles","Ozone","Wed",2,0.509876639296416
"631","Los Angeles","Ozone","Wed",3,0.477378403181401
"632","Los Angeles","Ozone","Wed",4,0.26598992294013
"633","Los Angeles","Ozone","Thurs",1,0.329248120300752
"634","Los Angeles","Ozone","Thurs",2,0.504446750451593
"635","Los Angeles","Ozone","Thurs",3,0.479267149233019
"636","Los Angeles","Ozone","Thurs",4,0.279297075423294
"637","Los Angeles","Ozone","Fri",1,0.325873933388384
"638","Los Angeles","Ozone","Fri",2,0.513698630136986
"639","Los Angeles","Ozone","Fri",3,0.493339649787697
"640","Los Angeles","Ozone","Fri",4,0.296643564715701
"641","Los Angeles","Ozone","Sat",1,0.35939056887962
"642","Los Angeles","Ozone","Sat",2,0.531221994379889
"643","Los Angeles","Ozone","Sat",3,0.514677306143559
"644","Los Angeles","Ozone","Sat",4,0.324932710980886
"645","Los Angeles","SO2","Sun",1,0.00606148867313916
"646","Los Angeles","SO2","Sun",2,0.00537290715372907
"647","Los Angeles","SO2","Sun",3,0.00807895716945996
"648","Los Angeles","SO2","Sun",4,0.00753561253561254
"649","Los Angeles","SO2","Mon",1,0.00680778588807786
"650","Los Angeles","SO2","Mon",2,0.00716250944822373
"651","Los Angeles","SO2","Mon",3,0.00889039548022599
"652","Los Angeles","SO2","Mon",4,0.00785470085470085
"653","Los Angeles","SO2","Tues",1,0.00750994431185362
"654","Los Angeles","SO2","Tues",2,0.00685780885780886
"655","Los Angeles","SO2","Tues",3,0.00825840978593272
"656","Los Angeles","SO2","Tues",4,0.00844057971014493
"657","Los Angeles","SO2","Wed",1,0.00762616822429907
"658","Los Angeles","SO2","Wed",2,0.00614876033057851
"659","Los Angeles","SO2","Wed",3,0.00892045013581684
"660","Los Angeles","SO2","Wed",4,0.00931861662987491
"661","Los Angeles","SO2","Thurs",1,0.00870965220789371
"662","Los Angeles","SO2","Thurs",2,0.00612923561859732
"663","Los Angeles","SO2","Thurs",3,0.00955957767722474
"664","Los Angeles","SO2","Thurs",4,0.0110684326710817
"665","Los Angeles","SO2","Fri",1,0.00799846035411855
"666","Los Angeles","SO2","Fri",2,0.00660443407234539
"667","Los Angeles","SO2","Fri",3,0.00901507185418857
"668","Los Angeles","SO2","Fri",4,0.0108633405639913
"669","Los Angeles","SO2","Sat",1,0.00583256528417819
"670","Los Angeles","SO2","Sat",2,0.00575785440613027
"671","Los Angeles","SO2","Sat",3,0.0077045203969129
"672","Los Angeles","SO2","Sat",4,0.0101675356273896
"673","Orange","CO","Sun",1,0.011448100771409
"674","Orange","CO","Sun",2,0.00806779011872846
"675","Orange","CO","Sun",3,0.00928986710963455
"676","Orange","CO","Sun",4,0.0134775038944378
"677","Orange","CO","Mon",1,0.0112639623750735
"678","Orange","CO","Mon",2,0.00850940104671448
"679","Orange","CO","Mon",3,0.00958512160228898
"680","Orange","CO","Mon",4,0.0141703296703297
"681","Orange","CO","Tues",1,0.0135821047280122
"682","Orange","CO","Tues",2,0.0086938202247191
"683","Orange","CO","Tues",3,0.00998207696362678
"684","Orange","CO","Tues",4,0.0162953995157385
"685","Orange","CO","Wed",1,0.0149573934837093
"686","Orange","CO","Wed",2,0.00815360983102919
"687","Orange","CO","Wed",3,0.0102881933684537
"688","Orange","CO","Wed",4,0.0171353185073502
"689","Orange","CO","Thurs",1,0.0153702785763854
"690","Orange","CO","Thurs",2,0.00802274541101357
"691","Orange","CO","Thurs",3,0.00951843642957888
"692","Orange","CO","Thurs",4,0.0185601799775028
"693","Orange","CO","Fri",1,0.0143446244477172
"694","Orange","CO","Fri",2,0.00870583443641177
"695","Orange","CO","Fri",3,0.00986788328105693
"696","Orange","CO","Fri",4,0.0159671549874032
"697","Orange","CO","Sat",1,0.0123484700838043
"698","Orange","CO","Sat",2,0.00849029266879165
"699","Orange","CO","Sat",3,0.00947725172024238
"700","Orange","CO","Sat",4,0.0152173913043478
"701","Orange","NO2","Sun",1,0.146076329331046
"702","Orange","NO2","Sun",2,0.0846867364746946
"703","Orange","NO2","Sun",3,0.0818019113814075
"704","Orange","NO2","Sun",4,0.151554487179487
"705","Orange","NO2","Mon",1,0.176261843238587
"706","Orange","NO2","Mon",2,0.118508370044053
"707","Orange","NO2","Mon",3,0.108674782608696
"708","Orange","NO2","Mon",4,0.180114767255217
"709","Orange","NO2","Tues",1,0.22322153024911
"710","Orange","NO2","Tues",2,0.120217153284672
"711","Orange","NO2","Tues",3,0.124901508429459
"712","Orange","NO2","Tues",4,0.213297628781684
"713","Orange","NO2","Wed",1,0.253194122885129
"714","Orange","NO2","Wed",2,0.108185185185185
"715","Orange","NO2","Wed",3,0.130109515260323
"716","Orange","NO2","Wed",4,0.228974316487158
"717","Orange","NO2","Thurs",1,0.260756925826631
"718","Orange","NO2","Thurs",2,0.103774016468435
"719","Orange","NO2","Thurs",3,0.116666666666667
"720","Orange","NO2","Thurs",4,0.255125733445096
"721","Orange","NO2","Fri",1,0.221467713787086
"722","Orange","NO2","Fri",2,0.105517463235294
"723","Orange","NO2","Fri",3,0.123567973311093
"724","Orange","NO2","Fri",4,0.214234024896266
"725","Orange","NO2","Sat",1,0.17773338940286
"726","Orange","NO2","Sat",2,0.0933001745200698
"727","Orange","NO2","Sat",3,0.099948109058927
"728","Orange","NO2","Sat",4,0.196025
"729","Orange","Ozone","Sun",1,0.441288753799392
"730","Orange","Ozone","Sun",2,0.535629539951574
"731","Orange","Ozone","Sun",3,0.497682403433476
"732","Orange","Ozone","Sun",4,0.335668498168498
"733","Orange","Ozone","Mon",1,0.392527472527472
"734","Orange","Ozone","Mon",2,0.514432359770255
"735","Orange","Ozone","Mon",3,0.469294911097486
"736","Orange","Ozone","Mon",4,0.318539325842697
"737","Orange","Ozone","Tues",1,0.352376715810879
"738","Orange","Ozone","Tues",2,0.509337731540218
"739","Orange","Ozone","Tues",3,0.469099099099099
"740","Orange","Ozone","Tues",4,0.283898009081383
"741","Orange","Ozone","Wed",1,0.325388471177945
"742","Orange","Ozone","Wed",2,0.529339477726574
"743","Orange","Ozone","Wed",3,0.470245437382001
"744","Orange","Ozone","Wed",4,0.261963261963262
"745","Orange","Ozone","Thurs",1,0.333146835757802
"746","Orange","Ozone","Thurs",2,0.520964749536178
"747","Orange","Ozone","Thurs",3,0.46984263584952
"748","Orange","Ozone","Thurs",4,0.271158586688578
"749","Orange","Ozone","Fri",1,0.36242695511625
"750","Orange","Ozone","Fri",2,0.543563856638062
"751","Orange","Ozone","Fri",3,0.468266789753058
"752","Orange","Ozone","Fri",4,0.333251433251433
"753","Orange","Ozone","Sat",1,0.376622265672736
"754","Orange","Ozone","Sat",2,0.533369869687005
"755","Orange","Ozone","Sat",3,0.488403651616087
"756","Orange","Ozone","Sat",4,0.342056277056277
"757","Orange","SO2","Sun",1,0.000975609756097561
"758","Orange","SO2","Sun",2,0.000748299319727891
"759","Orange","SO2","Sun",3,0.00114102564102564
"760","Orange","SO2","Sun",4,0.00169230769230769
"761","Orange","SO2","Mon",1,0.00101182033096927
"762","Orange","SO2","Mon",2,0.000882821387940842
"763","Orange","SO2","Mon",3,0.00104700854700855
"764","Orange","SO2","Mon",4,0.002010718113612
"765","Orange","SO2","Tues",1,0.00236385836385836
"766","Orange","SO2","Tues",2,0.000657210401891253
"767","Orange","SO2","Tues",3,0.00116833890746934
"768","Orange","SO2","Tues",4,0.00221790722761597
"769","Orange","SO2","Wed",1,0.00262189054726368
"770","Orange","SO2","Wed",2,0.000404494382022472
"771","Orange","SO2","Wed",3,0.00106222222222222
"772","Orange","SO2","Wed",4,0.00280430107526882
"773","Orange","SO2","Thurs",1,0.00314285714285714
"774","Orange","SO2","Thurs",2,0.000596736596736597
"775","Orange","SO2","Thurs",3,0.000802675585284281
"776","Orange","SO2","Thurs",4,0.00321748633879781
"777","Orange","SO2","Fri",1,0.00251318944844125
"778","Orange","SO2","Fri",2,0.000428044280442804
"779","Orange","SO2","Fri",3,0.00114884696016771
"780","Orange","SO2","Fri",4,0.00196632996632997
"781","Orange","SO2","Sat",1,0.00124506387921022
"782","Orange","SO2","Sat",2,0.000445945945945946
"783","Orange","SO2","Sat",3,0.00134204793028322
"784","Orange","SO2","Sat",4,0.00244047619047619
"785","Riverside","CO","Sun",1,0.00801463560931721
"786","Riverside","CO","Sun",2,0.00504678718805266
"787","Riverside","CO","Sun",3,0.00539385201954009
"788","Riverside","CO","Sun",4,0.00936402753872633
"789","Riverside","CO","Mon",1,0.00618548563475495
"790","Riverside","CO","Mon",2,0.0050263947445828
"791","Riverside","CO","Mon",3,0.00556804074863776
"792","Riverside","CO","Mon",4,0.00818284023668639
"793","Riverside","CO","Tues",1,0.00778564134625404
"794","Riverside","CO","Tues",2,0.00559356312292359
"795","Riverside","CO","Tues",3,0.00583317893710385
"796","Riverside","CO","Tues",4,0.00875854778133259
"797","Riverside","CO","Wed",1,0.00903286924939467
"798","Riverside","CO","Wed",2,0.00522932226832642
"799","Riverside","CO","Wed",3,0.00622005878894768
"800","Riverside","CO","Wed",4,0.00930638068258465
"801","Riverside","CO","Thurs",1,0.00957837455830389
"802","Riverside","CO","Thurs",2,0.00494760926958052
"803","Riverside","CO","Thurs",3,0.00594460448642267
"804","Riverside","CO","Thurs",4,0.00948912501639774
"805","Riverside","CO","Fri",1,0.0103134441995592
"806","Riverside","CO","Fri",2,0.00522602998113769
"807","Riverside","CO","Fri",3,0.00613413121531933
"808","Riverside","CO","Fri",4,0.00945306898424769
"809","Riverside","CO","Sat",1,0.00993561424569828
"810","Riverside","CO","Sat",2,0.00498083456062838
"811","Riverside","CO","Sat",3,0.00602221190669607
"812","Riverside","CO","Sat",4,0.0106016408386509
"813","Riverside","NO2","Sun",1,0.0791787738279238
"814","Riverside","NO2","Sun",2,0.0471472055888224
"815","Riverside","NO2","Sun",3,0.048458435809149
"816","Riverside","NO2","Sun",4,0.0889605263157895
"817","Riverside","NO2","Mon",1,0.0796600625651721
"818","Riverside","NO2","Mon",2,0.0585724888668976
"819","Riverside","NO2","Mon",3,0.0607673627974745
"820","Riverside","NO2","Mon",4,0.0949733266230498
"821","Riverside","NO2","Tues",1,0.111919452054795
"822","Riverside","NO2","Tues",2,0.0645564102564103
"823","Riverside","NO2","Tues",3,0.0696692721055203
"824","Riverside","NO2","Tues",4,0.116521739130435
"825","Riverside","NO2","Wed",1,0.12501324854266
"826","Riverside","NO2","Wed",2,0.0618696717295443
"827","Riverside","NO2","Wed",3,0.0758814887365328
"828","Riverside","NO2","Wed",4,0.117548762001011
"829","Riverside","NO2","Thurs",1,0.129707676130389
"830","Riverside","NO2","Thurs",2,0.0582371888726208
"831","Riverside","NO2","Thurs",3,0.0696457925636008
"832","Riverside","NO2","Thurs",4,0.126998984255968
"833","Riverside","NO2","Fri",1,0.124171591498186
"834","Riverside","NO2","Fri",2,0.0547709359605911
"835","Riverside","NO2","Fri",3,0.0726805807622505
"836","Riverside","NO2","Fri",4,0.127531600407747
"837","Riverside","NO2","Sat",1,0.106107591754651
"838","Riverside","NO2","Sat",2,0.0479449090014757
"839","Riverside","NO2","Sat",3,0.0625968992248062
"840","Riverside","NO2","Sat",4,0.105874940105414
"841","Riverside","Ozone","Sun",1,0.492563400839263
"842","Riverside","Ozone","Sun",2,0.626003414332934
"843","Riverside","Ozone","Sun",3,0.581272449233614
"844","Riverside","Ozone","Sun",4,0.414548346526596
"845","Riverside","Ozone","Mon",1,0.479208858454141
"846","Riverside","Ozone","Mon",2,0.626247957887094
"847","Riverside","Ozone","Mon",3,0.572519378485497
"848","Riverside","Ozone","Mon",4,0.418698347107438
"849","Riverside","Ozone","Tues",1,0.43771667662881
"850","Riverside","Ozone","Tues",2,0.645156035982675
"851","Riverside","Ozone","Tues",3,0.582433707158579
"852","Riverside","Ozone","Tues",4,0.394929187997459
"853","Riverside","Ozone","Wed",1,0.425511782032401
"854","Riverside","Ozone","Wed",2,0.660335538923238
"855","Riverside","Ozone","Wed",3,0.582200488997555
"856","Riverside","Ozone","Wed",4,0.378798573305801
"857","Riverside","Ozone","Thurs",1,0.443281289992321
"858","Riverside","Ozone","Thurs",2,0.652500899604174
"859","Riverside","Ozone","Thurs",3,0.60301528729573
"860","Riverside","Ozone","Thurs",4,0.385725647629147
"861","Riverside","Ozone","Fri",1,0.44790390610673
"862","Riverside","Ozone","Fri",2,0.625205400123059
"863","Riverside","Ozone","Fri",3,0.618159416480484
"864","Riverside","Ozone","Fri",4,0.393647456354421
"865","Riverside","Ozone","Sat",1,0.469283711445322
"866","Riverside","Ozone","Sat",2,0.616532783326096
"867","Riverside","Ozone","Sat",3,0.602987586787292
"868","Riverside","Ozone","Sat",4,0.42682136694954
"869","Riverside","SO2","Sun",1,0.00191025641025641
"870","Riverside","SO2","Sun",2,0.00201709401709402
"871","Riverside","SO2","Sun",3,0.00316989247311828
"872","Riverside","SO2","Sun",4,0.0030517448856799
"873","Riverside","SO2","Mon",1,0.00113548387096774
"874","Riverside","SO2","Mon",2,0.00214957264957265
"875","Riverside","SO2","Mon",3,0.00358279569892473
"876","Riverside","SO2","Mon",4,0.00342931258106355
"877","Riverside","SO2","Tues",1,0.00271459694989107
"878","Riverside","SO2","Tues",2,0.00283660130718954
"879","Riverside","SO2","Tues",3,0.00384897518878101
"880","Riverside","SO2","Tues",4,0.0027906976744186
"881","Riverside","SO2","Wed",1,0.00375636766334441
"882","Riverside","SO2","Wed",2,0.00230936819172113
"883","Riverside","SO2","Wed",3,0.00408145766345123
"884","Riverside","SO2","Wed",4,0.00354460093896714
"885","Riverside","SO2","Thurs",1,0.00401333333333333
"886","Riverside","SO2","Thurs",2,0.00203691639522258
"887","Riverside","SO2","Thurs",3,0.00381075268817204
"888","Riverside","SO2","Thurs",4,0.0035968992248062
"889","Riverside","SO2","Fri",1,0.0046778149386845
"890","Riverside","SO2","Fri",2,0.00202841530054645
"891","Riverside","SO2","Fri",3,0.00415169660678643
"892","Riverside","SO2","Fri",4,0.00371428571428571
"893","Riverside","SO2","Sat",1,0.00352380952380952
"894","Riverside","SO2","Sat",2,0.00177777777777778
"895","Riverside","SO2","Sat",3,0.00363010752688172
"896","Riverside","SO2","Sat",4,0.00440852974186308
"897","Sacramento","CO","Sun",1,0.0147761156328936
"898","Sacramento","CO","Sun",2,0.00740427170868347
"899","Sacramento","CO","Sun",3,0.00818505854800937
"900","Sacramento","CO","Sun",4,0.0117425152625153
"901","Sacramento","CO","Mon",1,0.0157390438805552
"902","Sacramento","CO","Mon",2,0.00760432393693263
"903","Sacramento","CO","Mon",3,0.00768215496368039
"904","Sacramento","CO","Mon",4,0.0124734268338091
"905","Sacramento","CO","Tues",1,0.0151208114626188
"906","Sacramento","CO","Tues",2,0.00747336481700118
"907","Sacramento","CO","Tues",3,0.00813844134144886
"908","Sacramento","CO","Tues",4,0.013103844328429
"909","Sacramento","CO","Wed",1,0.0153493467336683
"910","Sacramento","CO","Wed",2,0.0071789029535865
"911","Sacramento","CO","Wed",3,0.00820173088322466
"912","Sacramento","CO","Wed",4,0.0129905726341169
"913","Sacramento","CO","Thurs",1,0.0160475316732197
"914","Sacramento","CO","Thurs",2,0.00706223455598456
"915","Sacramento","CO","Thurs",3,0.00783566111308047
"916","Sacramento","CO","Thurs",4,0.0122133906194057
"917","Sacramento","CO","Fri",1,0.0170031778425656
"918","Sacramento","CO","Fri",2,0.00715845864661654
"919","Sacramento","CO","Fri",3,0.00814395519929724
"920","Sacramento","CO","Fri",4,0.0132441601912732
"921","Sacramento","CO","Sat",1,0.0148044044044044
"922","Sacramento","CO","Sat",2,0.00759052299052299
"923","Sacramento","CO","Sat",3,0.00821470725995316
"924","Sacramento","CO","Sat",4,0.0115051385116784
"925","Sacramento","NO2","Sun",1,0.0569903288201161
"926","Sacramento","NO2","Sun",2,0.0379316455696203
"927","Sacramento","NO2","Sun",3,0.0394028956565152
"928","Sacramento","NO2","Sun",4,0.0777629107981221
"929","Sacramento","NO2","Mon",1,0.0838398661567878
"930","Sacramento","NO2","Mon",2,0.0532157676348548
"931","Sacramento","NO2","Mon",3,0.0489923625254583
"932","Sacramento","NO2","Mon",4,0.0936654632972323
"933","Sacramento","NO2","Tues",1,0.0880071530758226
"934","Sacramento","NO2","Tues",2,0.0558348717948718
"935","Sacramento","NO2","Tues",3,0.0598013111447302
"936","Sacramento","NO2","Tues",4,0.0991859504132231
"937","Sacramento","NO2","Wed",1,0.0882228155339806
"938","Sacramento","NO2","Wed",2,0.055103719224725
"939","Sacramento","NO2","Wed",3,0.060297213622291
"940","Sacramento","NO2","Wed",4,0.10955325443787
"941","Sacramento","NO2","Thurs",1,0.09502197265625
"942","Sacramento","NO2","Thurs",2,0.0481215584415584
"943","Sacramento","NO2","Thurs",3,0.0526930693069307
"944","Sacramento","NO2","Thurs",4,0.0971723147616313
"945","Sacramento","NO2","Fri",1,0.0907167152575316
"946","Sacramento","NO2","Fri",2,0.0482161749745676
"947","Sacramento","NO2","Fri",3,0.0543341254752852
"948","Sacramento","NO2","Fri",4,0.102537100456621
"949","Sacramento","NO2","Sat",1,0.0618791208791209
"950","Sacramento","NO2","Sat",2,0.0448752535496957
"951","Sacramento","NO2","Sat",3,0.0439490351311232
"952","Sacramento","NO2","Sat",4,0.0849144942648592
"953","Sacramento","Ozone","Sun",1,0.327910248294296
"954","Sacramento","Ozone","Sun",2,0.490772517400593
"955","Sacramento","Ozone","Sun",3,0.50055755762562
"956","Sacramento","Ozone","Sun",4,0.319861639571083
"957","Sacramento","Ozone","Mon",1,0.329560975609756
"958","Sacramento","Ozone","Mon",2,0.48289586919105
"959","Sacramento","Ozone","Mon",3,0.470444783150894
"960","Sacramento","Ozone","Mon",4,0.280709330312898
"961","Sacramento","Ozone","Tues",1,0.302503610977371
"962","Sacramento","Ozone","Tues",2,0.491986750299528
"963","Sacramento","Ozone","Tues",3,0.499333791208791
"964","Sacramento","Ozone","Tues",4,0.240048899755501
"965","Sacramento","Ozone","Wed",1,0.296901724379644
"966","Sacramento","Ozone","Wed",2,0.485497944760943
"967","Sacramento","Ozone","Wed",3,0.492018228267624
"968","Sacramento","Ozone","Wed",4,0.225377063175868
"969","Sacramento","Ozone","Thurs",1,0.285966263036327
"970","Sacramento","Ozone","Thurs",2,0.494739867778097
"971","Sacramento","Ozone","Thurs",3,0.488833678398896
"972","Sacramento","Ozone","Thurs",4,0.239282174713295
"973","Sacramento","Ozone","Fri",1,0.274231858040461
"974","Sacramento","Ozone","Fri",2,0.472953133822699
"975","Sacramento","Ozone","Fri",3,0.495159753541256
"976","Sacramento","Ozone","Fri",4,0.267605833215348
"977","Sacramento","Ozone","Sat",1,0.329771620602153
"978","Sacramento","Ozone","Sat",2,0.494262181616833
"979","Sacramento","Ozone","Sat",3,0.476457142857143
"980","Sacramento","Ozone","Sat",4,0.311973684210526
"981","Sacramento","SO2","Sun",1,0.048208778173191
"982","Sacramento","SO2","Sun",2,0.0308190476190476
"983","Sacramento","SO2","Sun",3,0.0320871459694989
"984","Sacramento","SO2","Sun",4,0.0306497890295359
"985","Sacramento","SO2","Mon",1,0.0516331096196868
"986","Sacramento","SO2","Mon",2,0.0312394705174489
"987","Sacramento","SO2","Mon",3,0.0324900662251656
"988","Sacramento","SO2","Mon",4,0.0251277533039648
"989","Sacramento","SO2","Tues",1,0.0543311546840959
"990","Sacramento","SO2","Tues",2,0.0343320463320463
"991","Sacramento","SO2","Tues",3,0.0309954337899543
"992","Sacramento","SO2","Tues",4,0.0218595146871009
"993","Sacramento","SO2","Wed",1,0.0564035087719298
"994","Sacramento","SO2","Wed",2,0.0369032258064516
"995","Sacramento","SO2","Wed",3,0.0303073286052009
"996","Sacramento","SO2","Wed",4,0.0245652173913043
"997","Sacramento","SO2","Thurs",1,0.0526764705882353
"998","Sacramento","SO2","Thurs",2,0.0327503168567807
"999","Sacramento","SO2","Thurs",3,0.0302047619047619
"1000","Sacramento","SO2","Thurs",4,0.0255098722415796
"1001","Sacramento","SO2","Fri",1,0.0489460946094609
"1002","Sacramento","SO2","Fri",2,0.0279664268585132
"1003","Sacramento","SO2","Fri",3,0.0315066666666667
"1004","Sacramento","SO2","Fri",4,0.0262783625730994
"1005","Sacramento","SO2","Sat",1,0.0484576457645765
"1006","Sacramento","SO2","Sat",2,0.0260023894862605
"1007","Sacramento","SO2","Sat",3,0.0316688453159041
"1008","Sacramento","SO2","Sat",4,0.0307428571428571
"1009","San Bernardino","CO","Sun",1,0.0108183079056865
"1010","San Bernardino","CO","Sun",2,0.00833278849297156
"1011","San Bernardino","CO","Sun",3,0.0100816557522839
"1012","San Bernardino","CO","Sun",4,0.0113453381352541
"1013","San Bernardino","CO","Mon",1,0.0104652498564044
"1014","San Bernardino","CO","Mon",2,0.00886404734506
"1015","San Bernardino","CO","Mon",3,0.0102323724347201
"1016","San Bernardino","CO","Mon",4,0.0115993170176437
"1017","San Bernardino","CO","Tues",1,0.0112974946075991
"1018","San Bernardino","CO","Tues",2,0.00943768996960486
"1019","San Bernardino","CO","Tues",3,0.0105543089836284
"1020","San Bernardino","CO","Tues",4,0.01299156717041
"1021","San Bernardino","CO","Wed",1,0.0121786527822974
"1022","San Bernardino","CO","Wed",2,0.00958890621153688
"1023","San Bernardino","CO","Wed",3,0.0112615636512485
"1024","San Bernardino","CO","Wed",4,0.013375
"1025","San Bernardino","CO","Thurs",1,0.0126112344765195
"1026","San Bernardino","CO","Thurs",2,0.00945934583368368
"1027","San Bernardino","CO","Thurs",3,0.010766022298869
"1028","San Bernardino","CO","Thurs",4,0.0136402414486922
"1029","San Bernardino","CO","Fri",1,0.013444426468209
"1030","San Bernardino","CO","Fri",2,0.00927617942127518
"1031","San Bernardino","CO","Fri",3,0.0109757919904363
"1032","San Bernardino","CO","Fri",4,0.0132870071105365
"1033","San Bernardino","CO","Sat",1,0.0127787209960385
"1034","San Bernardino","CO","Sat",2,0.00876723504935955
"1035","San Bernardino","CO","Sat",3,0.0109172435494021
"1036","San Bernardino","CO","Sat",4,0.0121635229578417
"1037","San Bernardino","NO2","Sun",1,0.151514272970562
"1038","San Bernardino","NO2","Sun",2,0.104270609318996
"1039","San Bernardino","NO2","Sun",3,0.119761447884867
"1040","San Bernardino","NO2","Sun",4,0.155545494313211
"1041","San Bernardino","NO2","Mon",1,0.178353563218391
"1042","San Bernardino","NO2","Mon",2,0.148681264108352
"1043","San Bernardino","NO2","Mon",3,0.168467650890143
"1044","San Bernardino","NO2","Mon",4,0.199004007123776
"1045","San Bernardino","NO2","Tues",1,0.22296228194248
"1046","San Bernardino","NO2","Tues",2,0.16784537968893
"1047","San Bernardino","NO2","Tues",3,0.188708932461874
"1048","San Bernardino","NO2","Tues",4,0.217430493273543
"1049","San Bernardino","NO2","Wed",1,0.234534121929026
"1050","San Bernardino","NO2","Wed",2,0.162904529307282
"1051","San Bernardino","NO2","Wed",3,0.202427260812582
"1052","San Bernardino","NO2","Wed",4,0.223540035587189
"1053","San Bernardino","NO2","Thurs",1,0.246341550874048
"1054","San Bernardino","NO2","Thurs",2,0.162834021091243
"1055","San Bernardino","NO2","Thurs",3,0.196554071520896
"1056","San Bernardino","NO2","Thurs",4,0.237357745228584
"1057","San Bernardino","NO2","Fri",1,0.243111509180475
"1058","San Bernardino","NO2","Fri",2,0.156172945982751
"1059","San Bernardino","NO2","Fri",3,0.192430204081633
"1060","San Bernardino","NO2","Fri",4,0.220372234273319
"1061","San Bernardino","NO2","Sat",1,0.198803411131059
"1062","San Bernardino","NO2","Sat",2,0.112435593991807
"1063","San Bernardino","NO2","Sat",3,0.152797332185886
"1064","San Bernardino","NO2","Sat",4,0.179342425514058
"1065","San Bernardino","Ozone","Sun",1,0.480391193676595
"1066","San Bernardino","Ozone","Sun",2,0.656037695437995
"1067","San Bernardino","Ozone","Sun",3,0.692392746572313
"1068","San Bernardino","Ozone","Sun",4,0.445048254152342
"1069","San Bernardino","Ozone","Mon",1,0.461601541494892
"1070","San Bernardino","Ozone","Mon",2,0.645301941204321
"1071","San Bernardino","Ozone","Mon",3,0.672097521660286
"1072","San Bernardino","Ozone","Mon",4,0.414801762114537
"1073","San Bernardino","Ozone","Tues",1,0.420570522979398
"1074","San Bernardino","Ozone","Tues",2,0.669470964351406
"1075","San Bernardino","Ozone","Tues",3,0.700401031223145
"1076","San Bernardino","Ozone","Tues",4,0.38442983410981
"1077","San Bernardino","Ozone","Wed",1,0.409852674423749
"1078","San Bernardino","Ozone","Wed",2,0.682845961985035
"1079","San Bernardino","Ozone","Wed",3,0.711835807576864
"1080","San Bernardino","Ozone","Wed",4,0.387790722668845
"1081","San Bernardino","Ozone","Thurs",1,0.416450216450216
"1082","San Bernardino","Ozone","Thurs",2,0.690031515779476
"1083","San Bernardino","Ozone","Thurs",3,0.718396566936713
"1084","San Bernardino","Ozone","Thurs",4,0.378983804110935
"1085","San Bernardino","Ozone","Fri",1,0.412858480888453
"1086","San Bernardino","Ozone","Fri",2,0.654088402550405
"1087","San Bernardino","Ozone","Fri",3,0.714912214885954
"1088","San Bernardino","Ozone","Fri",4,0.40788792188495
"1089","San Bernardino","Ozone","Sat",1,0.44084884187977
"1090","San Bernardino","Ozone","Sat",2,0.665159608563737
"1091","San Bernardino","Ozone","Sat",3,0.717144463181563
"1092","San Bernardino","Ozone","Sat",4,0.460709381253188
"1093","San Bernardino","SO2","Sun",1,0.00656012534273404
"1094","San Bernardino","SO2","Sun",2,0.00749145808502185
"1095","San Bernardino","SO2","Sun",3,0.0104491725768322
"1096","San Bernardino","SO2","Sun",4,0.0098675799086758
"1097","San Bernardino","SO2","Mon",1,0.00615705128205128
"1098","San Bernardino","SO2","Mon",2,0.00846634615384615
"1099","San Bernardino","SO2","Mon",3,0.010834312573443
"1100","San Bernardino","SO2","Mon",4,0.00909019607843137
"1101","San Bernardino","SO2","Tues",1,0.00701883701883702
"1102","San Bernardino","SO2","Tues",2,0.00832122679580307
"1103","San Bernardino","SO2","Tues",3,0.0110530938123753
"1104","San Bernardino","SO2","Tues",4,0.00975421290587752
"1105","San Bernardino","SO2","Wed",1,0.00700842358604092
"1106","San Bernardino","SO2","Wed",2,0.0078961038961039
"1107","San Bernardino","SO2","Wed",3,0.0115192307692308
"1108","San Bernardino","SO2","Wed",4,0.00923832528180354
"1109","San Bernardino","SO2","Thurs",1,0.0077827626918536
"1110","San Bernardino","SO2","Thurs",2,0.00855199683669435
"1111","San Bernardino","SO2","Thurs",3,0.011311268715524
"1112","San Bernardino","SO2","Thurs",4,0.00991538157374456
"1113","San Bernardino","SO2","Fri",1,0.0076347687400319
"1114","San Bernardino","SO2","Fri",2,0.00780078431372549
"1115","San Bernardino","SO2","Fri",3,0.0110603033666297
"1116","San Bernardino","SO2","Fri",4,0.0100596078431373
"1117","San Bernardino","SO2","Sat",1,0.00694327894327894
"1118","San Bernardino","SO2","Sat",2,0.00724126984126984
"1119","San Bernardino","SO2","Sat",3,0.0106399371069182
"1120","San Bernardino","SO2","Sat",4,0.00956906077348066
"1121","San Diego","CO","Sun",1,0.0122982002249719
"1122","San Diego","CO","Sun",2,0.00901603950280947
"1123","San Diego","CO","Sun",3,0.0089244534824606
"1124","San Diego","CO","Sun",4,0.0129729973853102
"1125","San Diego","CO","Mon",1,0.0134876658860265
"1126","San Diego","CO","Mon",2,0.00968613966678483
"1127","San Diego","CO","Mon",3,0.00931764095468696
"1128","San Diego","CO","Mon",4,0.0132787181996086
"1129","San Diego","CO","Tues",1,0.0140641124923579
"1130","San Diego","CO","Tues",2,0.00935389211034967
"1131","San Diego","CO","Tues",3,0.00901538189533239
"1132","San Diego","CO","Tues",4,0.0140206511175899
"1133","San Diego","CO","Wed",1,0.0148521197508539
"1134","San Diego","CO","Wed",2,0.00916383542292071
"1135","San Diego","CO","Wed",3,0.00961740517546969
"1136","San Diego","CO","Wed",4,0.0151978800289087
"1137","San Diego","CO","Thurs",1,0.0146271295769304
"1138","San Diego","CO","Thurs",2,0.00888233861144945
"1139","San Diego","CO","Thurs",3,0.00902233375156838
"1140","San Diego","CO","Thurs",4,0.0157255222088836
"1141","San Diego","CO","Fri",1,0.0150124338624339
"1142","San Diego","CO","Fri",2,0.00958932142857143
"1143","San Diego","CO","Fri",3,0.00941472253680634
"1144","San Diego","CO","Fri",4,0.0156133207813603
"1145","San Diego","CO","Sat",1,0.0134746011369888
"1146","San Diego","CO","Sat",2,0.00980458511548332
"1147","San Diego","CO","Sat",3,0.00903794854434665
"1148","San Diego","CO","Sat",4,0.0139037891986063
"1149","San Diego","NO2","Sun",1,0.0841073887104176
"1150","San Diego","NO2","Sun",2,0.0482722050375608
"1151","San Diego","NO2","Sun",3,0.0481356655290102
"1152","San Diego","NO2","Sun",4,0.0890445544554455
"1153","San Diego","NO2","Mon",1,0.112338823529412
"1154","San Diego","NO2","Mon",2,0.0722900413033502
"1155","San Diego","NO2","Mon",3,0.068444347063979
"1156","San Diego","NO2","Mon",4,0.108696537678208
"1157","San Diego","NO2","Tues",1,0.131918714555766
"1158","San Diego","NO2","Tues",2,0.0766789838337182
"1159","San Diego","NO2","Tues",3,0.0714869063470928
"1160","San Diego","NO2","Tues",4,0.12978125
"1161","San Diego","NO2","Wed",1,0.14932316491897
"1162","San Diego","NO2","Wed",2,0.0707126436781609
"1163","San Diego","NO2","Wed",3,0.0755448154657293
"1164","San Diego","NO2","Wed",4,0.132953846153846
"1165","San Diego","NO2","Thurs",1,0.144976547842401
"1166","San Diego","NO2","Thurs",2,0.0697141539880129
"1167","San Diego","NO2","Thurs",3,0.0692280232039268
"1168","San Diego","NO2","Thurs",4,0.145998990918264
"1169","San Diego","NO2","Fri",1,0.140948905109489
"1170","San Diego","NO2","Fri",2,0.0678663003663004
"1171","San Diego","NO2","Fri",3,0.0738714924766165
"1172","San Diego","NO2","Fri",4,0.139413214990138
"1173","San Diego","NO2","Sat",1,0.102786293958521
"1174","San Diego","NO2","Sat",2,0.0569067609368095
"1175","San Diego","NO2","Sat",3,0.0554262574595055
"1176","San Diego","NO2","Sat",4,0.106916705016107
"1177","San Diego","Ozone","Sun",1,0.506567135050742
"1178","San Diego","Ozone","Sun",2,0.558928571428571
"1179","San Diego","Ozone","Sun",3,0.5217052398595
"1180","San Diego","Ozone","Sun",4,0.453436632989583
"1181","San Diego","Ozone","Mon",1,0.470222731576063
"1182","San Diego","Ozone","Mon",2,0.547395546659995
"1183","San Diego","Ozone","Mon",3,0.502534094206403
"1184","San Diego","Ozone","Mon",4,0.439997842037117
"1185","San Diego","Ozone","Tues",1,0.457040925538963
"1186","San Diego","Ozone","Tues",2,0.543760032102729
"1187","San Diego","Ozone","Tues",3,0.50044688896528
"1188","San Diego","Ozone","Tues",4,0.40877777171243
"1189","San Diego","Ozone","Wed",1,0.435236733234588
"1190","San Diego","Ozone","Wed",2,0.564824750539036
"1191","San Diego","Ozone","Wed",3,0.527522935779816
"1192","San Diego","Ozone","Wed",4,0.409430867639823
"1193","San Diego","Ozone","Thurs",1,0.441132036951973
"1194","San Diego","Ozone","Thurs",2,0.555582232893157
"1195","San Diego","Ozone","Thurs",3,0.530997028883152
"1196","San Diego","Ozone","Thurs",4,0.429996193376475
"1197","San Diego","Ozone","Fri",1,0.449417514068516
"1198","San Diego","Ozone","Fri",2,0.561094118236975
"1199","San Diego","Ozone","Fri",3,0.523067173637516
"1200","San Diego","Ozone","Fri",4,0.4558465706848
"1201","San Diego","Ozone","Sat",1,0.473447839626314
"1202","San Diego","Ozone","Sat",2,0.550468987870157
"1203","San Diego","Ozone","Sat",3,0.539776755772732
"1204","San Diego","Ozone","Sat",4,0.483935899941372
"1205","San Diego","SO2","Sun",1,0.000883720930232558
"1206","San Diego","SO2","Sun",2,0.000864468864468865
"1207","San Diego","SO2","Sun",3,0.000830917874396135
"1208","San Diego","SO2","Sun",4,0.00105006105006105
"1209","San Diego","SO2","Mon",1,0.0014579945799458
"1210","San Diego","SO2","Mon",2,0.00148837209302326
"1211","San Diego","SO2","Mon",3,0.000900369003690037
"1212","San Diego","SO2","Mon",4,0.00121673003802281
"1213","San Diego","SO2","Tues",1,0.0017350069735007
"1214","San Diego","SO2","Tues",2,0.00141055341055341
"1215","San Diego","SO2","Tues",3,0.00102150537634409
"1216","San Diego","SO2","Tues",4,0.00116601307189542
"1217","San Diego","SO2","Wed",1,0.00183854166666667
"1218","San Diego","SO2","Wed",2,0.00135917312661499
"1219","San Diego","SO2","Wed",3,0.00106233062330623
"1220","San Diego","SO2","Wed",4,0.00136533333333333
"1221","San Diego","SO2","Thurs",1,0.00170927318295739
"1222","San Diego","SO2","Thurs",2,0.00139440203562341
"1223","San Diego","SO2","Thurs",3,0.00112533333333333
"1224","San Diego","SO2","Thurs",4,0.00150468540829987
"1225","San Diego","SO2","Fri",1,0.00199483204134367
"1226","San Diego","SO2","Fri",2,0.00105263157894737
"1227","San Diego","SO2","Fri",3,0.00122743682310469
"1228","San Diego","SO2","Fri",4,0.00156949569495695
"1229","San Diego","SO2","Sat",1,0.00129951690821256
"1230","San Diego","SO2","Sat",2,0.00103052503052503
"1231","San Diego","SO2","Sat",3,0.001
"1232","San Diego","SO2","Sat",4,0.00129705215419501
"1233","Santa Barbara","CO","Sun",1,0.00540424949698189
"1234","Santa Barbara","CO","Sun",2,0.00459424426020408
"1235","Santa Barbara","CO","Sun",3,0.0042278293135436
"1236","Santa Barbara","CO","Sun",4,0.00580756634669678
"1237","Santa Barbara","CO","Mon",1,0.00592573818057689
"1238","Santa Barbara","CO","Mon",2,0.00448908659549229
"1239","Santa Barbara","CO","Mon",3,0.00423437833986462
"1240","Santa Barbara","CO","Mon",4,0.00607786460619896
"1241","Santa Barbara","CO","Tues",1,0.00587354288929978
"1242","Santa Barbara","CO","Tues",2,0.00449175390562087
"1243","Santa Barbara","CO","Tues",3,0.00440743941704796
"1244","Santa Barbara","CO","Tues",4,0.00646568635504806
"1245","Santa Barbara","CO","Wed",1,0.00615152001283388
"1246","Santa Barbara","CO","Wed",2,0.00500857142857143
"1247","Santa Barbara","CO","Wed",3,0.00431984501347709
"1248","Santa Barbara","CO","Wed",4,0.00683774109186009
"1249","Santa Barbara","CO","Thurs",1,0.0061939680757199
"1250","Santa Barbara","CO","Thurs",2,0.00534084033613445
"1251","Santa Barbara","CO","Thurs",3,0.004151166095461
"1252","Santa Barbara","CO","Thurs",4,0.00638650703769617
"1253","Santa Barbara","CO","Fri",1,0.00621882315215649
"1254","Santa Barbara","CO","Fri",2,0.00549804578447795
"1255","Santa Barbara","CO","Fri",3,0.00426800761904762
"1256","Santa Barbara","CO","Fri",4,0.00639535070785071
"1257","Santa Barbara","CO","Sat",1,0.00587846790890269
"1258","Santa Barbara","CO","Sat",2,0.00485907099035933
"1259","Santa Barbara","CO","Sat",3,0.0042311629778672
"1260","Santa Barbara","CO","Sat",4,0.00636253835216643
"1261","Santa Barbara","NO2","Sun",1,0.0194641403069214
"1262","Santa Barbara","NO2","Sun",2,0.0141365187713311
"1263","Santa Barbara","NO2","Sun",3,0.0146619718309859
"1264","Santa Barbara","NO2","Sun",4,0.0250200429491768
"1265","Santa Barbara","NO2","Mon",1,0.0307493306559572
"1266","Santa Barbara","NO2","Mon",2,0.0196150806717155
"1267","Santa Barbara","NO2","Mon",3,0.0192082018927445
"1268","Santa Barbara","NO2","Mon",4,0.0343084539223153
"1269","Santa Barbara","NO2","Tues",1,0.033088216957606
"1270","Santa Barbara","NO2","Tues",2,0.0224348785871965
"1271","Santa Barbara","NO2","Tues",3,0.0225797292835919
"1272","Santa Barbara","NO2","Tues",4,0.0393905915894512
"1273","Santa Barbara","NO2","Wed",1,0.0361111801242236
"1274","Santa Barbara","NO2","Wed",2,0.0195590376701488
"1275","Santa Barbara","NO2","Wed",3,0.0212683493855862
"1276","Santa Barbara","NO2","Wed",4,0.0452683178534572
"1277","Santa Barbara","NO2","Thurs",1,0.0357188854489164
"1278","Santa Barbara","NO2","Thurs",2,0.0185266290726817
"1279","Santa Barbara","NO2","Thurs",3,0.0201302153432032
"1280","Santa Barbara","NO2","Thurs",4,0.0443899285471249
"1281","Santa Barbara","NO2","Fri",1,0.0347123330226779
"1282","Santa Barbara","NO2","Fri",2,0.0194042883778745
"1283","Santa Barbara","NO2","Fri",3,0.0192503048780488
"1284","Santa Barbara","NO2","Fri",4,0.0433374191351719
"1285","Santa Barbara","NO2","Sat",1,0.0283385997521685
"1286","Santa Barbara","NO2","Sat",2,0.0173784453391143
"1287","Santa Barbara","NO2","Sat",3,0.017379154565989
"1288","Santa Barbara","NO2","Sat",4,0.0356228042159055
"1289","Santa Barbara","Ozone","Sun",1,0.449423473722539
"1290","Santa Barbara","Ozone","Sun",2,0.465890035472428
"1291","Santa Barbara","Ozone","Sun",3,0.414756092615871
"1292","Santa Barbara","Ozone","Sun",4,0.411819825743876
"1293","Santa Barbara","Ozone","Mon",1,0.452709211318483
"1294","Santa Barbara","Ozone","Mon",2,0.482044093284058
"1295","Santa Barbara","Ozone","Mon",3,0.409512184489298
"1296","Santa Barbara","Ozone","Mon",4,0.395393675027263
"1297","Santa Barbara","Ozone","Tues",1,0.458995308202556
"1298","Santa Barbara","Ozone","Tues",2,0.466744062894619
"1299","Santa Barbara","Ozone","Tues",3,0.400041685772646
"1300","Santa Barbara","Ozone","Tues",4,0.384056712962963
"1301","Santa Barbara","Ozone","Wed",1,0.429896038212981
"1302","Santa Barbara","Ozone","Wed",2,0.46061600810537
"1303","Santa Barbara","Ozone","Wed",3,0.397726991460748
"1304","Santa Barbara","Ozone","Wed",4,0.386897912214368
"1305","Santa Barbara","Ozone","Thurs",1,0.428094034580976
"1306","Santa Barbara","Ozone","Thurs",2,0.441982011182238
"1307","Santa Barbara","Ozone","Thurs",3,0.396108005918132
"1308","Santa Barbara","Ozone","Thurs",4,0.402621343489182
"1309","Santa Barbara","Ozone","Fri",1,0.418947072072072
"1310","Santa Barbara","Ozone","Fri",2,0.461922254066928
"1311","Santa Barbara","Ozone","Fri",3,0.402465267290849
"1312","Santa Barbara","Ozone","Fri",4,0.420734183383416
"1313","Santa Barbara","Ozone","Sat",1,0.418158032443747
"1314","Santa Barbara","Ozone","Sat",2,0.462720706260032
"1315","Santa Barbara","Ozone","Sat",3,0.409743548516762
"1316","Santa Barbara","Ozone","Sat",4,0.421819568949075
"1317","Santa Barbara","SO2","Sun",1,0.0025767105012388
"1318","Santa Barbara","SO2","Sun",2,0.0039026402640264
"1319","Santa Barbara","SO2","Sun",3,0.00271264367816092
"1320","Santa Barbara","SO2","Sun",4,0.000147286821705426
"1321","Santa Barbara","SO2","Mon",1,0.00360338074623789
"1322","Santa Barbara","SO2","Mon",2,0.00411001100110011
"1323","Santa Barbara","SO2","Mon",3,0.0029127432517263
"1324","Santa Barbara","SO2","Mon",4,0.000255144032921811
"1325","Santa Barbara","SO2","Tues",1,0.00364838584208479
"1326","Santa Barbara","SO2","Tues",2,0.00382041507835663
"1327","Santa Barbara","SO2","Tues",3,0.0031650641025641
"1328","Santa Barbara","SO2","Tues",4,0.000116279069767442
"1329","Santa Barbara","SO2","Wed",1,0.00338060124787294
"1330","Santa Barbara","SO2","Wed",2,0.0039857352632683
"1331","Santa Barbara","SO2","Wed",3,0.00311481922924116
"1332","Santa Barbara","SO2","Wed",4,0.000130869899923018
"1333","Santa Barbara","SO2","Thurs",1,0.00313321898227559
"1334","Santa Barbara","SO2","Thurs",2,0.00361466325660699
"1335","Santa Barbara","SO2","Thurs",3,0.00285770672982041
"1336","Santa Barbara","SO2","Thurs",4,0.000390580126364159
"1337","Santa Barbara","SO2","Fri",1,0.00335621662852784
"1338","Santa Barbara","SO2","Fri",2,0.00359070935342122
"1339","Santa Barbara","SO2","Fri",3,0.00285357588728375
"1340","Santa Barbara","SO2","Fri",4,0.000212241804055334
"1341","Santa Barbara","SO2","Sat",1,0.00311186825667235
"1342","Santa Barbara","SO2","Sat",2,0.00377750103777501
"1343","Santa Barbara","SO2","Sat",3,0.00281138119464858
"1344","Santa Barbara","SO2","Sat",4,0.000283838921412099
"1345","Santa Clara","CO","Sun",1,0.0139144810744811
"1346","Santa Clara","CO","Sun",2,0.0104145561839194
"1347","Santa Clara","CO","Sun",3,0.0106583638583639
"1348","Santa Clara","CO","Sun",4,0.01363663003663
"1349","Santa Clara","CO","Mon",1,0.0159304003954523
"1350","Santa Clara","CO","Mon",2,0.0107475037073653
"1351","Santa Clara","CO","Mon",3,0.0113142857142857
"1352","Santa Clara","CO","Mon",4,0.0152746764346764
"1353","Santa Clara","CO","Tues",1,0.017050705620203
"1354","Santa Clara","CO","Tues",2,0.0111667994026879
"1355","Santa Clara","CO","Tues",3,0.0112110567514677
"1356","Santa Clara","CO","Tues",4,0.0163062232300328
"1357","Santa Clara","CO","Wed",1,0.0165653307105975
"1358","Santa Clara","CO","Wed",2,0.0109087509349289
"1359","Santa Clara","CO","Wed",3,0.0115108074534161
"1360","Santa Clara","CO","Wed",4,0.0165943544428081
"1361","Santa Clara","CO","Thurs",1,0.0163535528596187
"1362","Santa Clara","CO","Thurs",2,0.009940044411547
"1363","Santa Clara","CO","Thurs",3,0.0109548561593312
"1364","Santa Clara","CO","Thurs",4,0.01923385518591
"1365","Santa Clara","CO","Fri",1,0.0155832681017613
"1366","Santa Clara","CO","Fri",2,0.0110552348336595
"1367","Santa Clara","CO","Fri",3,0.0110731319554849
"1368","Santa Clara","CO","Fri",4,0.0162495596868885
"1369","Santa Clara","CO","Sat",1,0.0139830525030525
"1370","Santa Clara","CO","Sat",2,0.0115676059789267
"1371","Santa Clara","CO","Sat",3,0.0108078144078144
"1372","Santa Clara","CO","Sat",4,0.0145344671201814
"1373","Santa Clara","NO2","Sun",1,0.120302564102564
"1374","Santa Clara","NO2","Sun",2,0.0751897435897436
"1375","Santa Clara","NO2","Sun",3,0.0798701067615658
"1376","Santa Clara","NO2","Sun",4,0.130994871794872
"1377","Santa Clara","NO2","Mon",1,0.177001730103806
"1378","Santa Clara","NO2","Mon",2,0.103524054982818
"1379","Santa Clara","NO2","Mon",3,0.115401408450704
"1380","Santa Clara","NO2","Mon",4,0.175032478632479
"1381","Santa Clara","NO2","Tues",1,0.187954939341421
"1382","Santa Clara","NO2","Tues",2,0.122452173913043
"1383","Santa Clara","NO2","Tues",3,0.129038869257951
"1384","Santa Clara","NO2","Tues",4,0.181707746478873
"1385","Santa Clara","NO2","Wed",1,0.175170395869191
"1386","Santa Clara","NO2","Wed",2,0.116755632582322
"1387","Santa Clara","NO2","Wed",3,0.125075949367089
"1388","Santa Clara","NO2","Wed",4,0.190591065292096
"1389","Santa Clara","NO2","Thurs",1,0.181525129982669
"1390","Santa Clara","NO2","Thurs",2,0.0968164665523156
"1391","Santa Clara","NO2","Thurs",3,0.111444444444444
"1392","Santa Clara","NO2","Thurs",4,0.201174657534247
"1393","Santa Clara","NO2","Fri",1,0.162482876712329
"1394","Santa Clara","NO2","Fri",2,0.111360205831904
"1395","Santa Clara","NO2","Fri",3,0.108775834658188
"1396","Santa Clara","NO2","Fri",4,0.179875
"1397","Santa Clara","NO2","Sat",1,0.126899145299145
"1398","Santa Clara","NO2","Sat",2,0.102317948717949
"1399","Santa Clara","NO2","Sat",3,0.0890771869639794
"1400","Santa Clara","NO2","Sat",4,0.146179365079365
"1401","Santa Clara","Ozone","Sun",1,0.296953046953047
"1402","Santa Clara","Ozone","Sun",2,0.441710907335907
"1403","Santa Clara","Ozone","Sun",3,0.376214648295867
"1404","Santa Clara","Ozone","Sun",4,0.333737596471885
"1405","Santa Clara","Ozone","Mon",1,0.272137791286727
"1406","Santa Clara","Ozone","Mon",2,0.408881298035867
"1407","Santa Clara","Ozone","Mon",3,0.369203647416413
"1408","Santa Clara","Ozone","Mon",4,0.267695700110254
"1409","Santa Clara","Ozone","Tues",1,0.238112244897959
"1410","Santa Clara","Ozone","Tues",2,0.402803510482691
"1411","Santa Clara","Ozone","Tues",3,0.355765920826162
"1412","Santa Clara","Ozone","Tues",4,0.279470304975923
"1413","Santa Clara","Ozone","Wed",1,0.256377551020408
"1414","Santa Clara","Ozone","Wed",2,0.401201602136182
"1415","Santa Clara","Ozone","Wed",3,0.344751034742255
"1416","Santa Clara","Ozone","Wed",4,0.253011282377245
"1417","Santa Clara","Ozone","Thurs",1,0.262091836734694
"1418","Santa Clara","Ozone","Thurs",2,0.422156196943973
"1419","Santa Clara","Ozone","Thurs",3,0.329405272838749
"1420","Santa Clara","Ozone","Thurs",4,0.202759937510849
"1421","Santa Clara","Ozone","Fri",1,0.264812030075188
"1422","Santa Clara","Ozone","Fri",2,0.416305794121205
"1423","Santa Clara","Ozone","Fri",3,0.340114196148679
"1424","Santa Clara","Ozone","Fri",4,0.256869446343131
"1425","Santa Clara","Ozone","Sat",1,0.313936063936064
"1426","Santa Clara","Ozone","Sat",2,0.432900061312078
"1427","Santa Clara","Ozone","Sat",3,0.359242277992278
"1428","Santa Clara","Ozone","Sat",4,0.316881720430107
"1429","Santa Clara","SO2","Sun",1,0.00311292517006803
"1430","Santa Clara","SO2","Sun",2,0.00195865633074935
"1431","Santa Clara","SO2","Sun",3,0.00207650273224044
"1432","Santa Clara","SO2","Sun",4,0.00197530864197531
"1433","Santa Clara","SO2","Mon",1,0.00374531835205993
"1434","Santa Clara","SO2","Mon",2,0.00202390438247012
"1435","Santa Clara","SO2","Mon",3,0.00206878306878307
"1436","Santa Clara","SO2","Mon",4,0.00225128205128205
"1437","Santa Clara","SO2","Tues",1,0.00444278606965174
"1438","Santa Clara","SO2","Tues",2,0.00250948509485095
"1439","Santa Clara","SO2","Tues",3,0.00222222222222222
"1440","Santa Clara","SO2","Tues",4,0.00280729166666667
"1441","Santa Clara","SO2","Wed",1,0.00489910600255428
"1442","Santa Clara","SO2","Wed",2,0.002896
"1443","Santa Clara","SO2","Wed",3,0.00239591315453384
"1444","Santa Clara","SO2","Wed",4,0.00252345679012346
"1445","Santa Clara","SO2","Thurs",1,0.00462595419847328
"1446","Santa Clara","SO2","Thurs",2,0.00211019283746557
"1447","Santa Clara","SO2","Thurs",3,0.00169369369369369
"1448","Santa Clara","SO2","Thurs",4,0.00376470588235294
"1449","Santa Clara","SO2","Fri",1,0.00379874213836478
"1450","Santa Clara","SO2","Fri",2,0.00204115226337449
"1451","Santa Clara","SO2","Fri",3,0.00167848699763593
"1452","Santa Clara","SO2","Fri",4,0.00281592039800995
"1453","Santa Clara","SO2","Sat",1,0.00275092936802974
"1454","Santa Clara","SO2","Sat",2,0.0026984126984127
"1455","Santa Clara","SO2","Sat",3,0.00159792477302205
"1456","Santa Clara","SO2","Sat",4,0.00198561151079137
"1457","Solano","CO","Sun",1,0.0119159101767797
"1458","Solano","CO","Sun",2,0.00760922925871379
"1459","Solano","CO","Sun",3,0.00785714285714286
"1460","Solano","CO","Sun",4,0.0142666029622551
"1461","Solano","CO","Mon",1,0.0131408661025386
"1462","Solano","CO","Mon",2,0.00766364070711897
"1463","Solano","CO","Mon",3,0.00797659678205753
"1464","Solano","CO","Mon",4,0.0132784503631961
"1465","Solano","CO","Tues",1,0.0136433365292426
"1466","Solano","CO","Tues",2,0.00796536796536797
"1467","Solano","CO","Tues",3,0.00796740172579099
"1468","Solano","CO","Tues",4,0.0141221741221741
"1469","Solano","CO","Wed",1,0.0141418983700863
"1470","Solano","CO","Wed",2,0.0078547215496368
"1471","Solano","CO","Wed",3,0.00771723122238586
"1472","Solano","CO","Wed",4,0.0152958152958153
"1473","Solano","CO","Thurs",1,0.0148629148629149
"1474","Solano","CO","Thurs",2,0.00742461690558576
"1475","Solano","CO","Thurs",3,0.00748208313425705
"1476","Solano","CO","Thurs",4,0.0169661266568483
"1477","Solano","CO","Fri",1,0.0138926174496644
"1478","Solano","CO","Fri",2,0.00794612794612795
"1479","Solano","CO","Fri",3,0.0079148181011535
"1480","Solano","CO","Fri",4,0.0135308170090779
"1481","Solano","CO","Sat",1,0.0124223602484472
"1482","Solano","CO","Sat",2,0.00794734275962945
"1483","Solano","CO","Sat",3,0.00754130223517979
"1484","Solano","CO","Sat",4,0.0128571428571429
"1485","Solano","NO2","Sun",1,0.063247491638796
"1486","Solano","NO2","Sun",2,0.0353946488294314
"1487","Solano","NO2","Sun",3,0.0326418918918919
"1488","Solano","NO2","Sun",4,0.094190635451505
"1489","Solano","NO2","Mon",1,0.0933135888501742
"1490","Solano","NO2","Mon",2,0.0481505016722408
"1491","Solano","NO2","Mon",3,0.045952861952862
"1492","Solano","NO2","Mon",4,0.0993152542372881
"1493","Solano","NO2","Tues",1,0.109919463087248
"1494","Solano","NO2","Tues",2,0.0539360269360269
"1495","Solano","NO2","Tues",3,0.0558926174496644
"1496","Solano","NO2","Tues",4,0.106619528619529
"1497","Solano","NO2","Wed",1,0.108265100671141
"1498","Solano","NO2","Wed",2,0.0446576271186441
"1499","Solano","NO2","Wed",3,0.0471752577319588
"1500","Solano","NO2","Wed",4,0.119740740740741
"1501","Solano","NO2","Thurs",1,0.112710437710438
"1502","Solano","NO2","Thurs",2,0.0351944444444444
"1503","Solano","NO2","Thurs",3,0.0333578595317726
"1504","Solano","NO2","Thurs",4,0.134213058419244
"1505","Solano","NO2","Fri",1,0.104627516778523
"1506","Solano","NO2","Fri",2,0.0426902356902357
"1507","Solano","NO2","Fri",3,0.0383551401869159
"1508","Solano","NO2","Fri",4,0.115347826086957
"1509","Solano","NO2","Sat",1,0.0736889632107023
"1510","Solano","NO2","Sat",2,0.0422274247491639
"1511","Solano","NO2","Sat",3,0.0324261744966443
"1512","Solano","NO2","Sat",4,0.0945590062111801
"1513","Solano","Ozone","Sun",1,0.335468786532616
"1514","Solano","Ozone","Sun",2,0.447443860487339
"1515","Solano","Ozone","Sun",3,0.399371879529715
"1516","Solano","Ozone","Sun",4,0.33674467341949
"1517","Solano","Ozone","Mon",1,0.323801534036433
"1518","Solano","Ozone","Mon",2,0.44992927864215
"1519","Solano","Ozone","Mon",3,0.367517956903432
"1520","Solano","Ozone","Mon",4,0.304861722740884
"1521","Solano","Ozone","Tues",1,0.2834078606731
"1522","Solano","Ozone","Tues",2,0.43537110933759
"1523","Solano","Ozone","Tues",3,0.386334021929128
"1524","Solano","Ozone","Tues",4,0.288890860692103
"1525","Solano","Ozone","Wed",1,0.281987577639752
"1526","Solano","Ozone","Wed",2,0.437704654895666
"1527","Solano","Ozone","Wed",3,0.383213083213083
"1528","Solano","Ozone","Wed",4,0.251012858904351
"1529","Solano","Ozone","Thurs",1,0.262562396006656
"1530","Solano","Ozone","Thurs",2,0.466959297685555
"1531","Solano","Ozone","Thurs",3,0.384705140334279
"1532","Solano","Ozone","Thurs",4,0.223479853479853
"1533","Solano","Ozone","Fri",1,0.274876033057851
"1534","Solano","Ozone","Fri",2,0.465012642225032
"1535","Solano","Ozone","Fri",3,0.390588407494145
"1536","Solano","Ozone","Fri",4,0.26973944294699
"1537","Solano","Ozone","Sat",1,0.325976151508066
"1538","Solano","Ozone","Sat",2,0.477812895069532
"1539","Solano","Ozone","Sat",3,0.379163378058406
"1540","Solano","Ozone","Sat",4,0.336564822460776
"1541","Solano","SO2","Sun",1,0.00741258741258741
"1542","Solano","SO2","Sun",2,0.00831654676258993
"1543","Solano","SO2","Sun",3,0.00880808080808081
"1544","Solano","SO2","Sun",4,0.0122750582750583
"1545","Solano","SO2","Mon",1,0.00798060606060606
"1546","Solano","SO2","Mon",2,0.00925874125874126
"1547","Solano","SO2","Mon",3,0.00904491725768321
"1548","Solano","SO2","Mon",4,0.0115886524822695
"1549","Solano","SO2","Tues",1,0.00848654970760234
"1550","Solano","SO2","Tues",2,0.00958215962441315
"1551","Solano","SO2","Tues",3,0.00993684210526316
"1552","Solano","SO2","Tues",4,0.0119953051643192
"1553","Solano","SO2","Wed",1,0.00978245614035088
"1554","Solano","SO2","Wed",2,0.00836879432624114
"1555","Solano","SO2","Wed",3,0.00987813620071685
"1556","Solano","SO2","Wed",4,0.0131830985915493
"1557","Solano","SO2","Thurs",1,0.00992957746478873
"1558","Solano","SO2","Thurs",2,0.00779710144927536
"1559","Solano","SO2","Thurs",3,0.00822377622377622
"1560","Solano","SO2","Thurs",4,0.0149496402877698
"1561","Solano","SO2","Fri",1,0.00872046783625731
"1562","Solano","SO2","Fri",2,0.00796257309941521
"1563","Solano","SO2","Fri",3,0.00855411255411255
"1564","Solano","SO2","Fri",4,0.0143170163170163
"1565","Solano","SO2","Sat",1,0.00701631701631702
"1566","Solano","SO2","Sat",2,0.00863333333333333
"1567","Solano","SO2","Sat",3,0.00908659549228944
"1568","Solano","SO2","Sat",4,0.0111558441558442
